CODICE_ISTAT,civico_geocodificato,fuori_limite_comunale,totale,civici_da_altri_comuni
001003,872,0,872,0
001006,2835,21,2856,0
001010,696,0,696,0
001011,1,0,1,0
001012,8,0,8,1
001015,368,0,368,0
001017,360,0,360,0
001018,799,19,818,1
001020,1019,0,1019,0
001021,922,0,922,0
001024,3,0,3,1
001028,2338,0,2338,0
001033,1635,0,1635,8
001034,2717,0,2717,0
001035,2518,0,2518,0
001037,459,0,459,0
001038,40,0,40,0
001040,853,0,853,0
001041,679,0,679,13
001044,2567,0,2567,0
001045,1659,0,1659,3
001048,1597,14,1611,0
001051,1751,0,1751,1
001052,1,0,1,0
001053,1432,0,1432,0
001054,824,0,824,0
001055,1345,0,1345,0
001058,3518,0,3518,9
001059,7903,0,7903,3
001060,1062,0,1062,0
001061,528,0,528,0
001063,3388,0,3388,0
001065,18,0,18,2
001068,1869,0,1869,1
001070,1906,0,1906,0
001071,777,2,779,2
001072,1562,0,1562,0
001074,1177,7,1184,2
001075,714,0,714,0
001077,1035,0,1035,0
001078,6773,2,6775,8
001080,1147,0,1147,0
001082,9155,0,9155,0
001086,5612,0,5612,0
001087,228,7,235,0
001088,1123,0,1123,0
001090,9167,126,9293,80
001093,2040,0,2040,0
001095,11,0,11,0
001097,3993,0,3993,4
001098,3223,93,3316,0
001099,2114,3,2117,1
001101,66,0,66,0
001104,1139,0,1139,3
001108,6,0,6,0
001109,1185,0,1185,0
001110,963,0,963,0
001111,423,0,423,0
001115,6689,0,6689,0
001116,59,0,59,1
001117,726,0,726,0
001118,967,0,967,0
001120,7834,0,7834,20
001122,498,0,498,0
001123,164,0,164,0
001125,9246,0,9246,0
001127,3064,54,3118,1
001128,2512,0,2512,8
001129,819,0,819,0
001135,981,0,981,0
001137,22,0,22,0
001142,692,21,713,8
001144,742,0,742,0
001146,1198,0,1198,0
001147,1123,0,1123,0
001148,1874,0,1874,0
001152,1018,0,1018,0
001154,228,1,229,0
001156,8756,156,8912,3
001157,98,0,98,0
001158,356,0,356,0
001159,519,0,519,0
001163,381,0,381,0
001164,6021,1,6022,16
001166,2143,0,2143,0
001168,1998,0,1998,0
001171,5781,0,5781,27
001172,2,0,2,0
001175,2566,0,2566,6
001176,7,0,7,0
001180,464,0,464,1
001181,1053,0,1053,0
001183,1171,8,1179,8
001187,485,0,485,0
001189,3023,0,3023,17
001190,2281,2,2283,0
001191,10804,7,10811,0
001192,1950,0,1950,7
001193,1292,0,1292,2
001194,3582,0,3582,3
001195,1423,0,1423,24
001196,1098,0,1098,0
001197,4016,0,4016,1
001198,675,0,675,0
001200,5,0,5,0
001201,980,53,1033,0
001203,952,0,952,0
001204,533,0,533,0
001206,583,0,583,0
001211,692,0,692,0
001213,547,0,547,0
001214,6254,0,6254,0
001215,1210,12,1222,3
001216,2,0,2,0
001219,12795,6,12801,11
001220,16,0,16,0
001222,909,0,909,0
001225,714,0,714,0
001228,1527,0,1527,0
001231,1,0,1,0
001233,293,0,293,0
001236,2660,0,2660,0
001237,1485,0,1485,0
001238,276,0,276,0
001240,2126,16,2142,0
001241,1038,0,1038,0
001245,617,0,617,0
001246,6,0,6,0
001248,3170,0,3170,2
001249,4156,0,4156,7
001250,3,0,3,10
001252,1437,0,1437,0
001253,1017,0,1017,0
001254,1610,0,1610,0
001255,2208,0,2208,7
001256,1750,6,1756,23
001257,2346,0,2346,1
001258,318,15,333,0
001259,844,27,871,25
001262,610,0,610,0
001263,955,4,959,8
001265,10562,0,10562,6
001266,1674,0,1674,0
001268,14,0,14,0
001271,8,0,8,0
001276,1388,0,1388,0
001280,4585,0,4585,3
001281,448,0,448,3
001283,59,0,59,4
001284,1950,16,1966,0
001285,8,0,8,0
001286,509,0,509,0
001289,14,0,14,0
001290,51,0,51,0
001292,3715,1,3716,1
001293,1912,0,1912,1
001294,753,0,753,1
001299,2484,0,2484,0
001301,459,0,459,0
001307,1515,1,1516,0
001308,1261,41,1302,0
001309,3565,0,3565,0
001310,452,0,452,0
001313,2668,0,2668,0
001314,4271,0,4271,0
001315,2386,42,2428,2
001316,1443,0,1443,0
002002,687,0,687,0
002003,222,0,222,0
002004,1594,0,1594,2
002008,147,0,147,0
002009,153,0,153,0
002011,1380,0,1380,1
002016,4823,0,4823,0
002021,651,0,651,0
002025,510,0,510,0
002031,941,0,941,0
002032,805,0,805,0
002033,238,0,238,0
002035,292,0,292,0
002042,3306,0,3306,0
002043,354,0,354,0
002045,96,0,96,0
002047,600,0,600,0
002049,3501,0,3501,0
002052,326,0,326,14
002058,885,0,885,0
002061,4578,1,4579,0
002065,249,0,249,0
002071,2960,7,2967,0
002072,547,0,547,1
002089,153,0,153,0
002097,548,0,548,0
002104,406,0,406,0
002107,1521,0,1521,0
002113,377,0,377,0
002115,266,0,266,0
002116,1528,0,1528,0
002118,392,0,392,0
002122,392,0,392,0
002126,143,0,143,0
002127,98,0,98,0
002128,1726,0,1726,1
002131,988,0,988,0
002133,3473,67,3540,0
002137,1842,0,1842,0
002148,3352,2,3354,2
002150,1823,0,1823,13
002156,4326,0,4326,0
002158,12294,0,12294,34
002163,270,0,270,0
002164,637,0,637,0
002171,661,0,661,0
003001,951,0,951,0
003006,2095,0,2095,0
003008,4788,0,4788,2
003012,491,0,491,0
003016,3522,0,3522,6
003018,842,0,842,17
003019,662,0,662,1
003021,753,0,753,0
003022,496,0,496,0
003024,6184,0,6184,1
003025,2058,0,2058,5
003027,399,0,399,0
003030,1032,0,1032,0
003032,3253,0,3253,0
003040,758,0,758,0
003041,631,0,631,0
003043,5245,0,5245,0
003044,214,15,229,0
003045,719,0,719,1
003047,1022,0,1022,0
003049,3370,0,3370,0
003052,610,0,610,0
003055,723,0,723,0
003058,1981,0,1981,0
003060,792,0,792,0
003062,1023,0,1023,0
003065,1534,0,1534,0
003066,1141,0,1141,0
003068,5324,0,5324,16
003069,465,0,465,0
003070,1341,0,1341,0
003073,1996,11,2007,0
003076,1924,0,1924,5
003084,1656,0,1656,0
003088,950,0,950,0
003091,555,0,555,0
003093,1241,0,1241,0
003095,1572,0,1572,0
003097,742,0,742,0
003100,1138,0,1138,0
003104,351,47,398,0
003106,25528,0,25528,15
003108,6865,0,6865,0
003112,490,0,490,0
003115,892,0,892,0
003116,956,0,956,0
003119,490,0,490,0
003120,651,0,651,0
003121,11,0,11,0
003122,857,0,857,0
003130,2429,0,2429,0
003131,1464,0,1464,0
003133,3,0,3,0
003134,430,0,430,0
003135,1692,0,1692,0
003138,605,0,605,0
003139,922,0,922,2
003141,751,0,751,1
003143,3,0,3,1
003144,278,0,278,7
003146,74,0,74,13
003149,6726,5,6731,0
003153,843,0,843,2
003154,3599,0,3599,0
003158,434,0,434,11
003164,601,0,601,0
003166,2493,0,2493,0
004001,777,0,777,0
004004,155,0,155,6
004006,287,0,287,0
004007,138,19,157,0
004008,1084,0,1084,0
004009,5911,1,5912,0
004012,4036,0,4036,1
004013,411,0,411,0
004014,441,0,441,0
004015,361,0,361,0
004016,1133,52,1185,2
004017,294,0,294,0
004018,162,0,162,0
004019,1962,0,1962,0
004020,265,0,265,1
004022,1832,0,1832,0
004023,159,0,159,0
004025,4631,0,4631,1
004026,228,0,228,3
004027,580,0,580,8
004028,5294,0,5294,4
004029,7467,0,7467,19
004030,167,0,167,0
004032,272,0,272,1
004033,1163,0,1163,29
004034,3751,0,3751,22
004038,203,0,203,0
004040,2957,0,2957,4
004041,2248,9,2257,0
004043,2316,0,2316,5
004044,248,0,248,1
004045,930,0,930,0
004046,675,0,675,23
004047,627,0,627,0
004049,517,0,517,0
004050,434,1,435,1
004051,6,0,6,0
004052,386,0,386,1
004054,286,0,286,0
004055,450,0,450,0
004056,552,0,552,0
004059,2036,0,2036,0
004060,314,0,314,0
004061,5,0,5,3
004063,265,34,299,0
004065,808,0,808,0
004066,2867,0,2867,0
004067,3034,0,3034,0
004070,128,0,128,2
004071,634,0,634,0
004073,2183,0,2183,0
004074,986,0,986,0
004075,1742,0,1742,0
004077,887,0,887,0
004078,10010,0,10010,69
004079,2159,0,2159,0
004080,1660,0,1660,0
004081,3204,0,3204,8
004082,3927,201,4128,1
004083,209,0,209,0
004084,1660,0,1660,0
004085,1443,0,1443,0
004086,832,0,832,0
004087,210,0,210,0
004088,449,0,449,0
004089,8422,1,8423,4
004090,1352,0,1352,0
004091,1682,0,1682,14
004092,1371,0,1371,0
004094,270,0,270,0
004096,1240,0,1240,1
004097,423,0,423,0
004100,638,0,638,0
004101,1348,0,1348,0
004103,202,1,203,4
004104,36,0,36,0
004106,351,0,351,0
004107,454,0,454,0
004108,1,0,1,0
004109,317,0,317,0
004112,353,0,353,0
004113,1,0,1,31
004114,1064,1,1065,6
004115,894,0,894,3
004116,2248,1,2249,0
004117,1589,0,1589,12
004119,360,0,360,0
004120,262,0,262,0
004121,462,0,462,0
004122,806,53,859,0
004124,503,0,503,0
004125,4,0,4,0
004126,803,2,805,0
004127,161,3,164,0
004128,971,0,971,6
004129,343,0,343,0
004130,9865,1,9866,30
004131,817,0,817,0
004132,1308,0,1308,0
004136,320,9,329,0
004137,450,10,460,25
004138,333,0,333,3
004139,768,0,768,0
004140,1087,0,1087,0
004141,347,4,351,0
004143,1496,0,1496,0
004144,875,1,876,3
004146,542,0,542,0
004152,842,0,842,0
004153,547,0,547,0
004154,680,0,680,0
004156,639,1,640,0
004157,2187,0,2187,0
004158,384,1,385,0
004160,281,0,281,0
004161,6,0,6,0
004162,184,1,185,0
004163,3244,0,3244,16
004164,543,0,543,0
004166,1356,0,1356,0
004167,196,0,196,3
004168,447,10,457,0
004169,841,0,841,0
004172,891,0,891,1
004173,466,0,466,0
004174,669,0,669,0
004175,433,1,434,1
004178,507,0,507,0
004179,4284,1,4285,0
004180,2828,0,2828,0
004181,621,0,621,0
004182,288,0,288,0
004184,81,0,81,0
004185,1439,0,1439,0
004186,1065,0,1065,3
004187,2413,1,2414,4
004189,1169,0,1169,0
004190,1511,76,1587,0
004191,606,0,606,0
004192,2,0,2,0
004194,13,0,13,1
004195,354,0,354,3
004196,326,38,364,11
004197,7,0,7,0
004201,948,0,948,0
004202,524,0,524,1
004203,5047,0,5047,23
004204,132,76,208,1
004205,3424,0,3424,1
004207,991,0,991,0
004209,1961,0,1961,0
004211,1167,0,1167,0
004213,164,0,164,0
004214,761,0,761,0
004215,8987,69,9056,1
004216,206,0,206,0
004217,1438,0,1438,0
004219,400,0,400,4
004220,307,0,307,1
004221,399,0,399,0
004224,382,0,382,0
004225,898,14,912,0
004226,355,0,355,0
004227,579,0,579,0
004230,404,27,431,0
004232,1153,0,1153,1
004234,688,0,688,1
004237,1288,0,1288,2
004239,9,0,9,0
004240,1773,17,1790,0
004241,1122,0,1122,0
004242,1459,0,1459,1
004243,128,0,128,2
004245,2557,0,2557,4
004246,421,0,421,0
004247,1584,0,1584,116
004248,958,0,958,6
005001,1757,0,1757,0
005002,339,0,339,0
005004,187,0,187,0
005005,25267,1,25268,9
005006,235,0,235,0
005008,390,0,390,0
005009,316,0,316,0
005013,1084,0,1084,0
005014,43,0,43,0
005016,501,0,501,0
005018,433,0,433,0
005019,206,0,206,0
005022,2352,0,2352,0
005023,1129,0,1129,0
005024,476,0,476,0
005025,1872,0,1872,0
005026,212,0,212,0
005027,188,0,188,0
005028,1026,0,1026,0
005030,654,0,654,0
005031,2119,0,2119,0
005032,332,1,333,0
005034,267,0,267,0
005035,213,0,213,0
005036,504,0,504,0
005037,438,0,438,0
005040,850,0,850,0
005042,1364,0,1364,0
005045,232,0,232,0
005046,313,0,313,0
005050,3187,0,3187,0
005054,571,0,571,0
005058,1,0,1,0
005062,265,0,265,0
005065,6,0,6,0
005066,1382,0,1382,0
005067,648,0,648,0
005068,1095,0,1095,0
005069,1984,0,1984,2
005070,487,0,487,0
005072,311,0,311,0
005073,724,0,724,28
005076,1469,0,1469,0
005080,5411,0,5411,0
005081,114,0,114,0
005083,412,0,412,0
005084,456,0,456,0
005085,212,0,212,0
005086,457,0,457,0
005087,1004,0,1004,1
005089,907,0,907,0
005091,242,0,242,0
005092,475,0,475,0
005093,837,0,837,0
005096,131,0,131,0
005097,4378,0,4378,0
005099,63,0,63,0
005100,775,0,775,0
005101,543,0,543,0
005107,158,0,158,0
005108,1383,0,1383,0
005109,675,0,675,0
005113,752,0,752,0
005114,274,0,274,0
005115,667,0,667,0
005117,1441,0,1441,0
005118,2229,0,2229,1
005120,564,0,564,0
005121,1725,0,1725,0
005122,403,0,403,0
006001,10320,0,10320,7
006003,27340,0,27340,94
006004,743,0,743,1
006005,612,0,612,0
006007,450,0,450,0
006010,325,1,326,0
006011,1364,0,1364,0
006012,1029,22,1051,12
006013,1319,0,1319,0
006014,331,2,333,0
006017,1686,0,1686,0
006018,2427,0,2427,0
006019,377,0,377,1
006021,2279,0,2279,14
006022,817,1,818,0
006025,1141,0,1141,0
006026,867,0,867,0
006027,883,0,883,0
006028,787,0,787,0
006029,1468,5,1473,7
006031,251,1,252,0
006032,866,27,893,0
006033,1323,0,1323,2
006034,757,0,757,0
006036,893,0,893,1
006037,1053,0,1053,0
006039,10850,0,10850,1
006040,569,0,569,0
006041,208,0,208,0
006043,2532,0,2532,0
006044,1038,0,1038,9
006046,207,0,207,0
006047,3163,0,3163,2
006052,680,0,680,0
006053,3278,0,3278,0
006054,365,0,365,0
006055,375,0,375,0
006056,352,0,352,0
006057,384,2,386,0
006060,403,0,403,0
006061,139,0,139,0
006062,199,0,199,0
006065,187,0,187,1
006066,261,1,262,0
006067,630,2,632,0
006068,1216,0,1216,0
006070,292,0,292,0
006071,237,0,237,0
006073,1192,0,1192,0
006074,782,28,810,0
006075,1182,48,1230,1
006076,948,0,948,0
006078,711,0,711,0
006079,800,0,800,1
006082,323,0,323,0
006084,547,0,547,1
006086,3,0,3,0
006088,12,0,12,0
006090,162,0,162,0
006091,960,0,960,0
006092,1075,0,1075,0
006093,180,0,180,0
006094,1032,0,1032,0
006095,1265,0,1265,0
006102,477,0,477,0
006104,717,0,717,0
006105,387,0,387,0
006106,413,0,413,0
006109,926,0,926,0
006110,694,0,694,0
006111,686,0,686,1
006112,563,0,563,0
006113,1273,0,1273,0
006114,8379,16,8395,10
006115,1034,0,1034,0
006116,549,0,549,0
006117,217,0,217,0
006119,484,0,484,0
006120,392,0,392,0
006121,5353,0,5353,5
006122,892,0,892,0
006123,1226,0,1226,0
006124,70,0,70,0
006125,710,0,710,1
006126,809,0,809,67
006127,663,2,665,3
006128,864,0,864,7
006129,641,0,641,0
006131,331,0,331,0
006132,2241,0,2241,0
006133,1266,0,1266,0
006134,629,1,630,0
006138,2836,45,2881,6
006139,378,0,378,0
006142,22,0,22,0
006143,687,0,687,0
006144,1269,0,1269,0
006145,384,0,384,0
006147,1762,92,1854,4
006149,1241,0,1241,2
006150,538,0,538,0
006157,934,0,934,1
006158,616,0,616,1
006160,2193,0,2193,1
006161,1298,0,1298,0
006162,1507,94,1601,0
006163,1205,0,1205,0
006165,1379,0,1379,0
006167,1866,0,1866,1
006169,1008,0,1008,6
006170,622,0,622,0
006171,559,0,559,0
006172,689,0,689,0
006173,984,0,984,0
006174,5823,0,5823,0
006176,717,0,717,0
006177,4950,7,4957,0
006178,875,0,875,0
006181,1459,0,1459,0
006182,837,0,837,0
006183,845,0,845,1
006185,1001,0,1001,0
006186,393,0,393,0
006187,605,0,605,0
006189,223,0,223,0
006191,1279,0,1279,0
007008,2,0,2,0
007009,262,0,262,0
007012,3,0,3,0
007013,1712,0,1712,0
007017,5,0,5,0
007018,1087,0,1087,0
007020,3,0,3,0
007021,1731,0,1731,0
007023,2691,0,2691,0
007027,387,0,387,0
007031,2102,0,2102,0
007038,516,0,516,0
007040,15,0,15,0
007041,1054,0,1054,0
007042,384,0,384,0
007048,955,0,955,0
007054,2284,0,2284,0
007055,688,0,688,0
007058,1500,0,1500,0
007063,1882,0,1882,0
008001,1024,0,1024,0
008005,361,0,361,0
008006,1892,0,1892,0
008007,708,0,708,0
008008,6098,3,6101,0
008010,1909,0,1909,0
008011,2060,0,2060,0
008015,834,0,834,0
008016,2663,0,2663,0
008018,736,0,736,0
008019,1210,0,1210,0
008020,818,0,818,0
008021,1891,0,1891,0
008022,543,0,543,0
008023,692,0,692,0
008027,3193,0,3193,36
008028,723,0,723,0
008031,20440,1,20441,35
008032,388,0,388,0
008033,704,0,704,0
008034,538,0,538,0
008035,1042,0,1042,0
008037,727,0,727,0
008038,660,0,660,0
008040,911,0,911,0
008042,1836,0,1836,0
008044,1795,0,1795,0
008045,829,6,835,0
008046,1491,0,1491,0
008047,944,0,944,0
008048,607,0,607,0
008050,15,0,15,0
008051,248,0,248,0
008052,4431,78,4509,0
008053,471,0,471,0
008054,1621,0,1621,0
008055,28516,0,28516,4
008056,1324,0,1324,0
008057,487,0,487,0
008058,1302,0,1302,0
008061,1021,0,1021,0
008062,929,0,929,3
008063,3169,0,3169,0
008064,899,0,899,2
008065,10539,0,10539,0
008066,205,0,205,0
008067,943,0,943,2
008068,1957,0,1957,0
009002,8993,0,8993,17
009003,1402,73,1475,5
009004,5082,75,5157,1
009005,1002,1,1003,0
009006,5057,0,5057,4
009007,393,0,393,0
009009,809,0,809,4
009012,2248,0,2248,24
009013,3125,0,3125,0
009014,458,0,458,0
009015,5711,39,5750,6
009016,1489,0,1489,1
009017,1658,21,1679,0
009021,328,0,328,0
009022,3226,0,3226,15
009023,1544,0,1544,22
009027,2056,1,2057,18
009029,7817,0,7817,42
009034,4479,289,4768,0
009035,804,0,804,3
009036,723,0,723,0
009037,192,0,192,0
009038,2572,10,2582,0
009039,510,0,510,0
009040,709,0,709,0
009041,513,0,513,0
009044,615,61,676,0
009046,833,0,833,0
009048,723,0,723,0
009049,8723,0,8723,66
009052,1813,71,1884,96
009053,788,0,788,1
009054,1035,0,1035,10
009055,2629,0,2629,1
009056,14987,0,14987,142
009057,1954,102,2056,7
009058,4406,1,4407,1
009059,876,0,876,0
009060,71,3,74,0
009061,1124,0,1124,0
009062,4121,0,4121,1
009063,1501,0,1501,0
009064,2408,0,2408,67
009068,2508,0,2508,0
009069,656,0,656,0
010001,5552,0,5552,1
010002,35,0,35,3
010003,2160,0,2160,0
010005,2346,0,2346,0
010008,2529,0,2529,0
010011,2536,5,2541,0
010013,1330,0,1330,5
010016,2403,0,2403,0
010017,7,0,7,0
010018,3453,0,3453,0
010021,1952,0,1952,0
010023,361,0,361,0
010025,133247,0,133247,6
010026,429,1,430,138
010028,4796,0,4796,0
010030,568,0,568,0
010031,2094,0,2094,0
010032,1326,0,1326,0
010033,1202,5,1207,0
010036,1337,0,1337,0
010042,333,0,333,0
010044,708,1,709,0
010046,14300,51,14351,0
010047,4453,0,4453,0
010048,1680,0,1680,0
010050,291,4,295,0
010052,1907,138,2045,0
010054,7099,0,7099,1
010057,3473,2,3475,0
010059,7991,0,7991,2
010061,1413,0,1413,1
010063,1,0,1,0
010066,816,0,816,0
010067,2654,0,2654,3
011001,3158,0,3158,9
011002,5163,0,5163,8
011005,1531,5,1536,0
011007,837,2,839,0
011010,752,0,752,0
011015,31578,2,31580,1
011016,5436,0,5436,0
011017,2166,0,2166,5
011020,3707,1,3708,0
011022,1545,0,1545,0
011023,2246,0,2246,0
011024,1953,0,1953,5
011025,1003,0,1003,0
011026,3720,6,3726,0
011027,10244,17,10261,2
011028,2014,0,2014,2
011032,587,0,587,0
012004,2437,0,2437,0
012005,1308,4,1312,0
012006,1460,1,1461,1
012007,385,0,385,0
012008,6,0,6,0
012011,7,0,7,0
012012,1645,0,1645,0
012013,3326,0,3326,0
012015,1545,0,1545,0
012016,863,0,863,2
012019,1150,0,1150,0
012020,1545,0,1545,0
012023,405,1,406,0
012025,1,0,1,1
012026,13325,0,13325,18
012027,1044,0,1044,5
012029,2330,0,2330,4
012030,1087,0,1087,1
012031,98,0,98,0
012033,1,0,1,0
012034,3179,0,3179,0
012036,1261,0,1261,8
012037,98,0,98,0
012039,3052,0,3052,7
012040,9314,0,9314,3
012041,326,0,326,0
012042,4165,0,4165,11
012043,362,0,362,0
012045,8,0,8,0
012047,1435,0,1435,6
012048,4181,0,4181,0
012050,2935,27,2962,1
012052,163,0,163,0
012054,709,0,709,0
012055,686,0,686,0
012056,374,0,374,0
012058,1999,0,1999,0
012059,1048,22,1070,0
012062,22,0,22,0
012067,5130,4,5134,5
012068,1952,0,1952,0
012071,260,0,260,0
012073,1386,0,1386,1
012074,1,0,1,0
012075,2165,137,2302,8
012077,1564,0,1564,0
012080,825,0,825,1
012081,477,0,477,0
012082,505,0,505,0
012083,143,0,143,0
012084,2045,0,2045,0
012087,3722,0,3722,0
012090,3438,0,3438,2
012092,4479,0,4479,0
012096,3423,0,3423,0
012097,1240,0,1240,7
012098,4359,0,4359,7
012100,151,0,151,0
012101,1210,0,1210,2
012102,13,0,13,0
012103,1864,0,1864,0
012105,1191,0,1191,0
012106,1587,59,1646,24
012107,2038,0,2038,0
012108,5446,91,5537,0
012109,2283,0,2283,1
012110,439,0,439,0
012115,390,0,390,0
012118,10919,2,10921,0
012119,5951,0,5951,2
012120,3908,0,3908,0
012121,1146,0,1146,0
012122,1611,0,1611,2
012123,6903,0,6903,0
012125,2467,0,2467,0
012127,4371,52,4423,0
012130,1820,0,1820,8
012133,13778,0,13778,17
012134,2218,0,2218,0
012136,1486,0,1486,0
012137,2032,0,2032,0
012138,3247,0,3247,0
012139,5,0,5,0
012141,889,0,889,0
012142,3006,0,3006,0
013003,1882,0,1882,0
013004,1268,0,1268,0
013005,631,0,631,0
013007,2049,0,2049,0
013009,9,0,9,0
013010,1692,1,1693,3
013011,728,0,728,0
013012,1372,0,1372,0
013015,296,0,296,0
013021,289,0,289,0
013025,238,0,238,0
013026,398,0,398,0
013028,1909,0,1909,0
013029,539,0,539,0
013032,860,0,860,0
013034,811,0,811,5
013035,3963,0,3963,14
013036,1727,0,1727,0
013040,427,0,427,0
013041,68,0,68,1
013043,1333,0,1333,0
013045,972,72,1044,0
013046,1130,1,1131,0
013047,1695,0,1695,2
013055,728,0,728,10
013062,348,0,348,1
013064,2919,2,2921,0
013065,2045,27,2072,0
013071,569,0,569,0
013074,326,0,326,0
013075,13619,0,13619,12
013077,616,0,616,0
013083,786,0,786,0
013084,806,0,806,0
013087,593,2,595,0
013089,1566,59,1625,1
013092,85,0,85,0
013095,4626,0,4626,0
013100,25,0,25,0
013101,923,0,923,0
013102,2531,0,2531,0
013106,749,0,749,0
013107,886,0,886,58
013110,729,0,729,0
013111,1144,0,1144,10
013113,420,0,420,2
013114,1381,0,1381,2
013120,510,0,510,0
013126,1076,0,1076,0
013131,1459,0,1459,36
013133,1772,0,1772,0
013134,21,0,21,0
013136,1580,1,1581,0
013137,7,0,7,3
013138,2346,0,2346,1
013144,853,0,853,0
013145,2616,0,2616,0
013152,751,0,751,0
013153,410,0,410,0
013154,1305,0,1305,0
013155,507,101,608,0
013160,493,0,493,19
013165,2885,0,2885,0
013169,598,0,598,0
013178,836,24,860,0
013183,709,0,709,0
013184,543,0,543,2
013186,458,0,458,0
013187,530,0,530,0
013188,885,0,885,0
013189,1918,0,1918,0
013192,461,0,461,0
013193,399,0,399,0
013201,126,0,126,0
013204,1208,0,1208,0
013206,1699,0,1699,0
013207,471,0,471,0
013216,1270,0,1270,0
013218,373,0,373,0
013222,1616,0,1616,0
013223,422,0,422,0
013226,165,0,165,15
013227,3959,0,3959,13
013232,1086,0,1086,0
013233,185,0,185,0
013234,2346,0,2346,2
013238,79,0,79,0
013239,1437,0,1437,9
013245,1499,0,1499,0
013248,1921,0,1921,1
013249,3160,3,3163,8
013250,4,0,4,2
013251,2155,0,2155,0
013252,923,0,923,3
013254,3065,1,3066,1
013255,1496,0,1496,0
013256,2056,0,2056,0
014001,221,0,221,0
014002,1498,0,1498,0
014003,309,0,309,0
014004,1391,0,1391,0
014006,222,0,222,0
014007,1806,0,1806,0
014009,23,0,23,0
014013,762,0,762,0
014014,614,0,614,0
014015,992,0,992,0
014016,178,0,178,0
014017,432,0,432,6
014019,1151,0,1151,0
014020,16,0,16,0
014021,279,0,279,1
014022,1257,1,1258,2
014023,612,0,612,0
014024,2508,0,2508,0
014025,559,0,559,0
014027,1343,0,1343,0
014028,292,0,292,0
014029,361,0,361,0
014030,295,0,295,0
014031,677,0,677,0
014032,3,0,3,0
014033,4,0,4,0
014036,680,0,680,0
014037,4615,0,4615,0
014038,314,0,314,0
014039,359,10,369,0
014040,823,0,823,0
014043,1179,35,1214,0
014045,5491,2,5493,1
014048,1231,0,1231,0
014049,885,0,885,0
014056,288,0,288,0
014057,1459,0,1459,0
014060,1911,0,1911,0
014061,4585,0,4585,0
014062,258,0,258,0
014063,1752,0,1752,0
014064,421,0,421,0
014065,10,0,10,0
014066,2983,0,2983,0
014067,510,0,510,0
014069,1154,0,1154,2
014073,1323,0,1323,0
014074,862,0,862,0
014077,637,0,637,0
015002,6979,1,6980,7
015010,3612,3,3615,18
015011,1390,13,1403,0
015012,5,0,5,0
015014,572,16,588,0
015015,5038,0,5038,2
015016,965,1,966,0
015024,1592,0,1592,0
015027,26,0,26,0
015032,3000,0,3000,1
015035,565,0,565,0
015040,1269,0,1269,10
015042,2,0,2,0
015046,3096,1,3097,0
015050,796,1,797,0
015058,99,0,99,24
015059,5291,5,5296,0
015060,2108,51,2159,0
015062,4285,0,4285,1
015070,5812,0,5812,15
015071,1564,0,1564,3
015076,4,0,4,0
015077,13638,0,13638,1
015078,1431,2,1433,1
015081,7638,0,7638,0
015082,468,0,468,4
015085,7100,0,7100,0
015086,3073,0,3073,0
015087,5852,0,5852,0
015096,4373,0,4373,0
015098,2355,0,2355,0
015101,789,4,793,0
015103,2509,1,2510,0
015105,5949,0,5949,0
015106,1703,0,1703,0
015108,3970,0,3970,1
015114,2964,0,2964,27
015115,3461,0,3461,0
015118,14490,0,14490,0
015122,774,0,774,0
015125,1821,0,1821,1
015130,7,0,7,0
015131,3374,0,3374,0
015136,716,28,744,4
015139,2322,0,2322,3
015140,4717,7,4724,0
015142,3962,0,3962,10
015144,1342,0,1342,0
015146,66354,0,66354,8
015151,4462,0,4462,0
015158,5,0,5,0
015164,1921,83,2004,0
015166,65,0,65,0
015167,1364,0,1364,0
015169,3033,0,3033,0
015170,2018,0,2018,0
015171,2417,0,2417,2
015172,1937,0,1937,1
015175,2908,0,2908,10
015177,1549,0,1549,1
015178,2196,0,2196,0
015179,3,0,3,0
015181,3,0,3,0
015182,7162,0,7162,1
015189,5179,0,5179,1
015192,2870,0,2870,0
015194,1734,1,1735,1
015195,9966,0,9966,10
015200,2188,0,2188,1
015201,2195,0,2195,0
015202,883,2,885,0
015205,3742,0,3742,0
015209,12490,6,12496,1
015211,3494,0,3494,0
015219,50,0,50,1
015220,2423,0,2423,2
015221,3174,0,3174,0
015230,1688,2,1690,0
015237,1445,2,1447,31
015242,3092,0,3092,0
015247,1892,0,1892,0
015250,893,0,893,0
015251,1648,0,1648,0
016001,1879,5,1884,0
016002,929,0,929,0
016003,2473,0,2473,0
016004,4868,0,4868,0
016006,2957,7,2964,0
016007,1800,0,1800,0
016008,4303,0,4303,1
016009,643,0,643,0
016013,1608,0,1608,0
016014,447,0,447,0
016015,620,0,620,0
016016,1905,0,1905,0
016017,247,1,248,0
016018,1146,0,1146,0
016020,1392,0,1392,0
016024,21799,0,21799,1
016031,1611,0,1611,2
016033,869,0,869,0
016034,2024,0,2024,0
016035,395,0,395,0
016037,3390,0,3390,7
016038,2827,0,2827,0
016041,282,0,282,0
016042,1634,0,1634,0
016043,1899,3,1902,0
016044,3269,0,3269,0
016046,3170,0,3170,0
016047,1264,0,1264,12
016048,534,0,534,0
016049,875,0,875,10
016050,537,0,537,0
016051,2718,0,2718,0
016053,6952,0,6952,20
016055,1963,0,1963,0
016056,516,0,516,0
016058,1486,1,1487,0
016059,957,0,957,0
016060,2043,0,2043,0
016061,115,0,115,0
016062,4798,0,4798,0
016063,1074,0,1074,0
016065,337,0,337,0
016066,290,0,290,0
016067,564,0,564,0
016072,677,0,677,1
016073,1800,0,1800,0
016074,2414,0,2414,0
016076,2022,0,2022,0
016077,3105,0,3105,0
016078,806,0,806,0
016079,4420,1,4421,11
016080,608,0,608,0
016084,988,0,988,1
016085,440,0,440,0
016086,3227,0,3227,0
016089,1757,0,1757,0
016090,439,0,439,0
016091,7975,0,7975,0
016092,2,0,2,0
016093,1809,0,1809,3
016100,1004,0,1004,0
016102,396,0,396,0
016105,1073,0,1073,0
016106,311,0,311,0
016107,549,0,549,0
016108,2082,0,2082,0
016113,1986,0,1986,5
016114,91,0,91,0
016121,301,0,301,0
016122,253,0,253,0
016124,1756,6,1762,0
016127,406,0,406,0
016128,2677,0,2677,1
016132,2725,4,2729,0
016133,3588,0,3588,20
016134,163,0,163,0
016136,156,0,156,0
016140,72,0,72,0
016141,1783,20,1803,0
016142,1501,0,1501,12
016143,1851,0,1851,0
016144,3110,0,3110,0
016145,337,0,337,0
016146,1682,1,1683,0
016147,311,0,311,0
016151,176,0,176,0
016152,1312,0,1312,0
016153,3330,0,3330,0
016155,334,0,334,0
016159,246,0,246,0
016160,1436,0,1436,0
016161,1047,0,1047,0
016163,358,0,358,0
016166,176,0,176,0
016167,501,32,533,3
016168,8,0,8,0
016169,1729,0,1729,0
016170,2896,0,2896,0
016172,1086,68,1154,0
016176,2297,0,2297,3
016177,811,0,811,0
016178,2290,2,2292,0
016179,780,0,780,0
016184,637,0,637,0
016185,552,0,552,0
016186,888,0,888,0
016187,994,0,994,0
016189,1583,0,1583,0
016190,1722,3,1725,0
016191,398,0,398,0
016193,1955,0,1955,0
016195,1088,0,1088,0
016198,4647,0,4647,0
016199,1338,0,1338,0
016200,890,3,893,0
016201,509,0,509,0
016202,2405,0,2405,0
016203,1308,0,1308,0
016207,14,0,14,2
016208,459,0,459,0
016211,647,0,647,0
016212,2220,0,2220,0
016214,1436,0,1436,0
016218,2738,0,2738,0
016219,10512,0,10512,2
016220,390,0,390,0
016223,1008,0,1008,0
016225,341,0,341,0
016226,191,0,191,1
016227,166,0,166,0
016229,462,0,462,0
016230,250,0,250,0
016233,2517,0,2517,0
016234,2280,0,2280,0
016236,427,0,427,0
016238,1303,0,1303,0
016240,1431,0,1431,0
016241,708,0,708,0
016242,1817,0,1817,0
016243,33,0,33,0
016245,1,0,1,0
016246,2791,0,2791,0
016248,438,0,438,0
016250,127,0,127,0
016253,2955,0,2955,0
017001,752,0,752,0
017003,1546,0,1546,0
017004,1434,0,1434,0
017005,636,0,636,0
017006,1702,12,1714,0
017008,1363,0,1363,0
017010,3016,0,3016,0
017012,943,0,943,0
017014,4306,0,4306,0
017015,1537,0,1537,0
017016,842,0,842,0
017017,948,0,948,0
017018,1558,0,1558,0
017019,1129,0,1129,0
017021,3590,0,3590,0
017022,2161,0,2161,3
017023,3205,0,3205,0
017025,1644,0,1644,0
017026,599,0,599,0
017027,384,0,384,2
017029,49804,0,49804,0
017035,1267,0,1267,0
017036,370,0,370,0
017037,2338,0,2338,0
017038,5193,0,5193,0
017039,4486,0,4486,0
017040,4294,0,4294,27
017041,3277,0,3277,0
017042,29,0,29,0
017043,4675,0,4675,0
017044,643,0,643,0
017045,3941,0,3941,1
017046,5438,0,5438,7
017047,762,0,762,0
017048,1943,0,1943,3
017049,482,0,482,0
017051,853,0,853,0
017052,8858,0,8858,0
017054,16,0,16,1
017055,1004,0,1004,0
017056,3395,0,3395,3
017057,7,0,7,0
017059,4521,0,4521,0
017060,1293,0,1293,0
017061,5932,0,5932,0
017062,3938,0,3938,0
017063,2358,0,2358,0
017065,6750,0,6750,0
017066,8,0,8,0
017067,11716,0,11716,2
017068,3186,0,3186,0
017069,3340,0,3340,0
017070,2875,0,2875,0
017072,3932,0,3932,1
017073,1633,1,1634,0
017075,3393,0,3393,0
017076,3557,0,3557,0
017077,5934,0,5934,0
017080,3128,0,3128,0
017081,6091,3,6094,2
017082,1729,0,1729,0
017083,714,0,714,0
017084,65,0,65,0
017086,3096,0,3096,0
017087,594,0,594,0
017089,982,0,982,0
017090,986,0,986,0
017094,632,0,632,0
017097,539,0,539,0
017099,897,0,897,0
017100,824,0,824,0
017101,3105,0,3105,0
017103,5545,0,5545,3
017104,1609,0,1609,0
017105,767,0,767,0
017107,5603,0,5603,0
017108,945,0,945,0
017109,2124,0,2124,0
017110,725,0,725,0
017112,18,0,18,0
017113,12996,0,12996,0
017114,1884,0,1884,0
017115,401,0,401,0
017116,1587,0,1587,32
017117,3486,0,3486,0
017118,990,12,1002,0
017119,2268,0,2268,0
017120,2288,0,2288,0
017121,1077,0,1077,0
017122,1532,0,1532,0
017123,1705,0,1705,0
017124,564,0,564,0
017125,9284,0,9284,0
017126,1493,0,1493,0
017127,5464,27,5491,6
017128,964,9,973,0
017130,1740,0,1740,0
017131,383,0,383,0
017132,1028,0,1028,0
017133,8496,0,8496,0
017134,1686,0,1686,0
017136,3996,10,4006,1
017138,2584,0,2584,0
017139,544,0,544,0
017140,502,0,502,0
017141,1076,0,1076,0
017142,1867,0,1867,0
017143,3781,0,3781,0
017144,990,0,990,0
017145,1018,37,1055,0
017146,2434,0,2434,0
017147,1879,0,1879,0
017148,4380,0,4380,0
017150,2,0,2,0
017152,1676,0,1676,0
017153,826,0,826,0
017156,3858,0,3858,4
017157,673,0,673,0
017158,252,0,252,1
017161,5079,0,5079,0
017162,1328,0,1328,0
017163,3143,0,3143,0
017164,1576,0,1576,0
017166,10213,12,10225,0
017167,2896,0,2896,0
017168,1683,0,1683,0
017169,3080,0,3080,0
017172,1134,0,1134,0
017174,4526,0,4526,0
017175,941,0,941,0
017176,743,0,743,0
017177,1007,0,1007,0
017178,2196,0,2196,0
017180,1280,0,1280,3
017181,1185,0,1185,0
017182,950,0,950,0
017183,21,0,21,0
017184,1923,0,1923,0
017185,2220,5,2225,0
017186,3245,0,3245,0
017187,6406,0,6406,0
017188,5264,0,5264,0
017190,3227,0,3227,0
017191,651,0,651,0
017193,960,0,960,0
017196,1,0,1,0
017197,1694,0,1694,0
017198,1160,0,1160,0
017199,3137,0,3137,0
017200,658,0,658,0
017201,2377,0,2377,0
017202,1259,0,1259,0
017203,6,0,6,0
017204,3137,0,3137,0
018003,551,0,551,0
018005,1493,0,1493,0
018007,671,0,671,0
018011,673,0,673,0
018012,378,0,378,0
018013,4870,0,4870,3
018015,649,152,801,0
018016,853,0,853,3
018017,403,0,403,0
018019,623,0,623,0
018020,577,0,577,0
018023,2147,7,2154,0
018024,5086,0,5086,332
018025,188,0,188,4
018026,766,1,767,1
018027,1558,0,1558,0
018029,1242,0,1242,0
018031,296,0,296,27
018033,1103,0,1103,0
018034,2,0,2,0
018036,729,0,729,0
018037,5090,1,5091,24
018038,529,0,529,0
018042,314,0,314,0
018047,1058,0,1058,0
018048,3698,105,3803,11
018050,2799,0,2799,1
018051,774,0,774,0
018053,1004,0,1004,10
018054,470,0,470,1
018057,756,59,815,5
018061,2385,3,2388,0
018063,569,0,569,0
018064,452,0,452,0
018065,1039,0,1039,1
018066,198,0,198,0
018068,5440,0,5440,0
018069,9473,0,9473,2
018072,2821,18,2839,16
018073,2946,0,2946,0
018074,297,0,297,0
018081,1166,0,1166,0
018083,1747,0,1747,0
018084,1555,0,1555,0
018085,942,0,942,0
018086,1402,0,1402,10
018087,667,0,667,0
018089,635,0,635,0
018092,680,0,680,1
018094,1135,0,1135,0
018095,2060,0,2060,0
018096,527,0,527,0
018097,287,0,287,0
018098,296,0,296,0
018099,429,36,465,2
018100,1998,3,2001,0
018102,156,0,156,0
018105,161,20,181,0
018106,915,0,915,1
018107,1335,0,1335,0
018108,256,0,256,0
018110,21270,0,21270,100
018111,1076,6,1082,0
018114,1233,341,1574,0
018115,1211,0,1211,0
018116,1,0,1,1
018117,767,0,767,0
018118,1095,0,1095,0
018119,370,0,370,0
018120,758,0,758,3
018121,1814,0,1814,0
018122,3518,0,3518,0
018123,5105,7,5112,0
018126,253,0,253,0
018128,2065,0,2065,0
018131,704,0,704,0
018133,339,0,339,0
018135,1677,5,1682,35
018136,1168,0,1168,6
018141,740,0,740,0
018142,979,0,979,0
018147,384,0,384,0
018148,289,0,289,0
018149,520,0,520,0
018150,2321,0,2321,1
018153,3957,0,3957,30
018155,1005,0,1005,0
018156,387,0,387,0
018157,520,0,520,0
018159,17,0,17,0
018160,1195,0,1195,5
018162,1128,187,1315,0
018163,1117,0,1117,0
018164,3203,0,3203,0
018166,1453,0,1453,0
018167,196,0,196,0
018168,1381,0,1381,0
018169,477,0,477,12
018171,2888,0,2888,0
018173,1646,0,1646,22
018174,424,0,424,0
018175,774,0,774,0
018177,1,0,1,23
018178,81,0,81,0
018179,801,0,801,1
018180,1,0,1,0
018182,14577,3,14580,2
018183,210,0,210,0
018184,1317,0,1317,0
018186,606,0,606,0
018189,913,2,915,0
018190,2329,78,2407,0
018191,497,0,497,1
019001,619,0,619,1
019002,1095,10,1105,0
019003,1153,0,1153,0
019004,428,0,428,0
019005,1,0,1,0
019006,482,0,482,0
019009,1076,27,1103,1
019012,777,0,777,0
019013,446,0,446,0
019015,880,1,881,0
019016,84,0,84,0
019017,810,0,810,0
019019,1,0,1,0
019020,101,0,101,0
019021,7352,0,7352,0
019022,555,0,555,0
019025,3735,1,3736,0
019026,2149,0,2149,0
019028,653,0,653,0
019029,1199,0,1199,0
019030,708,0,708,1
019031,714,0,714,0
019032,670,0,670,0
019034,686,0,686,9
019035,13815,0,13815,1
019036,26139,0,26139,13
019037,1107,0,1107,0
019038,439,0,439,0
019039,219,0,219,0
019043,617,0,617,0
019044,670,0,670,0
019045,685,0,685,0
019046,807,10,817,0
019047,639,1,640,0
019048,481,0,481,0
019049,558,0,558,0
019051,1002,1,1003,0
019052,2371,5,2376,0
019055,1219,0,1219,0
019056,817,0,817,4
019057,1075,0,1075,0
019058,1335,0,1335,0
019059,1030,0,1030,2
019061,624,0,624,0
019065,1041,0,1041,0
019066,2295,0,2295,0
019067,2679,0,2679,0
019068,2362,1,2363,7
019069,1004,0,1004,0
019070,753,0,753,2
019074,576,0,576,2
019075,736,0,736,0
019076,3735,0,3735,1
019077,1224,59,1283,1
019079,838,0,838,3
019080,325,0,325,0
019081,213,0,213,2
019084,2250,0,2250,0
019085,1208,0,1208,24
019086,1,0,1,0
019088,1339,0,1339,1
019090,1560,0,1560,0
019092,767,0,767,0
019094,1863,5,1868,0
019095,1655,0,1655,0
019097,4749,0,4749,0
019098,3178,0,3178,0
019099,977,0,977,0
019100,985,0,985,0
019102,1980,0,1980,0
019103,595,2,597,0
019104,228,0,228,0
019106,335,0,335,0
019107,1392,0,1392,0
019110,1272,0,1272,0
019111,2234,0,2234,0
019112,1968,0,1968,0
019113,2946,0,2946,1
019114,513,0,513,0
019115,235,2,237,0
020001,1481,2,1483,0
020002,6470,0,6470,27
020003,2594,0,2594,0
020008,3287,0,3287,0
020010,1919,0,1919,0
020011,2529,0,2529,0
020012,1132,0,1132,18
020013,1358,0,1358,0
020014,2756,0,2756,1
020015,7841,0,7841,0
020016,2618,0,2618,0
020017,8678,0,8678,0
020018,2353,28,2381,0
020019,1985,0,1985,0
020020,64,0,64,0
020021,14273,0,14273,141
020022,2698,0,2698,0
020024,1558,4,1562,0
020025,2053,0,2053,0
020027,3815,0,3815,0
020028,4780,0,4780,8
020030,245,0,245,1
020031,21,0,21,0
020032,616,0,616,0
020033,3620,0,3620,0
020034,3766,0,3766,0
020035,3318,0,3318,4
020036,3640,0,3640,0
020037,1536,1,1537,0
020039,1,0,1,1
020041,1,0,1,4
020042,2504,2,2506,0
020044,2007,0,2007,0
020045,8522,0,8522,13
020046,1,0,1,0
020047,2240,0,2240,0
020048,25,0,25,0
020051,2552,0,2552,0
020052,4451,0,4451,0
020053,4984,13,4997,0
020056,1477,0,1477,0
020057,4900,0,4900,7
020058,1183,0,1183,2
020059,1262,0,1262,0
020061,4878,159,5037,11
020065,8491,0,8491,3
020066,9496,0,9496,0
020068,1725,0,1725,1
020070,6135,0,6135,0
020071,7849,0,7849,0
020072,3065,0,3065,0
021001,986,0,986,0
021002,346,0,346,0
021003,339,0,339,0
021004,3707,0,3707,0
021005,443,0,443,0
021006,1501,0,1501,0
021008,11942,0,11942,0
021010,693,0,693,0
021011,4869,0,4869,0
021012,529,0,529,0
021014,99,0,99,0
021015,1931,0,1931,0
021017,1915,0,1915,0
021018,739,0,739,0
021019,2462,0,2462,0
021020,397,0,397,0
021021,944,0,944,0
021022,1444,0,1444,0
021023,963,0,963,0
021026,613,1,614,0
021027,967,0,967,0
021028,1322,0,1322,0
021029,1757,0,1757,0
021030,914,0,914,0
021031,1044,0,1044,0
021032,298,0,298,0
021033,691,0,691,0
021034,914,0,914,0
021035,431,0,431,0
021036,358,0,358,0
021038,1116,0,1116,0
021040,2702,0,2702,0
021041,2474,0,2474,0
021042,1705,0,1705,0
021044,425,0,425,0
021046,1956,0,1956,0
021047,1063,0,1063,0
021048,668,0,668,0
021049,341,0,341,0
021050,695,0,695,0
021051,7164,0,7164,0
021052,922,0,922,0
021053,735,0,735,0
021054,389,0,389,0
021055,670,0,670,0
021056,1435,0,1435,0
021057,1027,0,1027,0
021058,1462,0,1462,0
021059,1472,0,1472,0
021060,1016,0,1016,0
021061,2478,0,2478,0
021062,1023,0,1023,0
021063,609,0,609,0
021064,200,0,200,0
021066,548,0,548,0
021067,1422,0,1422,0
021068,264,0,264,0
021070,1711,0,1711,0
021071,977,0,977,0
021072,2415,0,2415,0
021073,391,0,391,0
021074,1326,0,1326,0
021075,516,0,516,0
021076,1301,0,1301,0
021077,1516,0,1516,0
021079,1257,0,1257,0
021081,1118,0,1118,0
021082,732,0,732,0
021083,1291,0,1291,0
021084,776,0,776,0
021085,1456,0,1456,0
021086,2163,0,2163,0
021087,1045,0,1045,0
021088,487,0,487,0
021089,1524,0,1524,1
021091,429,0,429,0
021092,1129,0,1129,0
021094,731,0,731,0
021095,763,0,763,0
021096,647,0,647,0
021097,1181,0,1181,0
021098,928,0,928,0
021099,807,0,807,0
021100,429,0,429,0
021101,884,0,884,0
021102,683,0,683,0
021103,420,0,420,0
021106,1135,0,1135,0
021107,984,0,984,0
021108,2652,0,2652,0
021109,851,0,851,0
021110,1095,0,1095,0
021111,1308,0,1308,0
021112,352,0,352,0
021113,628,0,628,0
021114,604,0,604,0
021115,1820,0,1820,0
021116,766,0,766,0
021117,559,0,559,0
021118,431,0,431,0
022001,3807,0,3807,1
022002,751,0,751,0
022005,716,0,716,0
022006,3821,0,3821,0
022009,2976,0,2976,0
022011,1047,0,1047,0
022013,921,0,921,0
022015,457,0,457,0
022021,3,0,3,0
022026,153,0,153,0
022032,62,0,62,0
022038,3116,0,3116,0
022039,1886,0,1886,0
022045,180,0,180,0
022048,1576,0,1576,0
022051,729,0,729,0
022053,1665,0,1665,0
022059,366,1,367,0
022060,346,0,346,0
022061,1691,0,1691,0
022064,1274,0,1274,0
022068,465,0,465,0
022071,303,0,303,0
022079,1560,0,1560,0
022081,846,0,846,0
022087,4564,0,4564,0
022092,3,0,3,0
022093,639,0,639,0
022097,1109,0,1109,0
022102,2867,0,2867,0
022103,3489,0,3489,0
022104,3568,17,3585,0
022106,353,0,353,0
022109,201,0,201,8
022112,139,0,139,0
022114,947,0,947,0
022115,1637,0,1637,0
022116,1930,0,1930,0
022117,3398,0,3398,0
022123,3574,0,3574,0
022134,767,0,767,0
022136,1681,0,1681,0
022139,10482,0,10482,1
022142,614,0,614,0
022147,2196,0,2196,0
022150,908,0,908,0
022153,5715,0,5715,0
022155,1700,0,1700,0
022159,490,0,490,0
022162,595,0,595,0
022168,723,0,723,0
022172,902,0,902,0
022173,273,0,273,0
022181,349,0,349,0
022182,4,0,4,0
022183,16,0,16,0
022188,1288,0,1288,0
022196,1765,0,1765,0
022200,503,0,503,0
022205,26315,0,26315,0
022209,637,0,637,0
022222,2289,0,2289,0
022230,2763,0,2763,0
022236,2407,0,2407,0
022238,1454,0,1454,0
022245,4523,0,4523,0
022246,1671,1,1672,0
022249,48,0,48,0
022251,885,0,885,0
022252,2021,0,2021,0
022253,2061,0,2061,0
022254,2932,0,2932,0
023003,1416,67,1483,61
023004,2721,1,2722,0
023006,4302,0,4302,33
023007,1105,70,1175,1
023012,6207,40,6247,5
023013,992,0,992,0
023014,1767,0,1767,0
023015,6215,14,6229,9
023017,2030,3,2033,17
023020,1967,0,1967,0
023021,2992,94,3086,27
023022,6338,10,6348,4
023023,2619,0,2619,4
023024,883,17,900,0
023025,453,0,453,3
023027,1482,0,1482,3
023028,3656,39,3695,2
023029,418,2,420,2
023030,3160,2,3162,0
023032,915,2,917,16
023035,2863,15,2878,0
023036,3328,0,3328,1
023037,2553,62,2615,11
023038,4175,0,4175,6
023040,4406,1,4407,2
023041,1473,22,1495,46
023042,2568,0,2568,15
023043,4677,48,4725,4
023044,11052,0,11052,96
023046,1838,0,1838,2
023047,1056,0,1056,4
023048,2752,105,2857,0
023050,3694,4,3698,1
023052,5469,8,5477,8
023057,1962,10,1972,6
023059,4473,0,4473,5
023062,1025,2,1027,2
023068,1492,21,1513,4
023071,4,0,4,81
023072,4300,8,4308,2
023073,4384,12,4396,1
023074,542,19,561,0
023077,4251,8,4259,4
023078,1521,0,1521,0
023081,2484,0,2484,14
023082,5752,11,5763,1
023083,6342,74,6416,74
023086,3584,0,3584,0
023087,2702,0,2702,1
023088,1180,134,1314,2
023089,7206,0,7206,3
023090,1,0,1,10
023091,52988,0,52988,117
023096,12738,2,12740,1
024001,876,0,876,0
024004,4407,0,4407,3
024005,1212,0,1212,0
024007,2174,165,2339,3
024009,4214,0,4214,9
024010,404,0,404,0
024012,26184,0,26184,40
024013,3658,26,3684,1
024014,4741,0,4741,2
024015,4520,0,4520,1
024016,18,0,18,1
024017,34,0,34,60
024018,6929,339,7268,1
024021,7019,0,7019,0
024022,1242,0,1242,4
024024,2020,0,2020,2
024025,1981,0,1981,4
024026,5500,54,5554,0
024028,3777,0,3777,2
024029,8709,0,8709,8
024030,1467,0,1467,0
024034,4740,0,4740,25
024035,5740,1,5741,68
024036,5049,0,5049,6
024037,78,0,78,1
024038,116,0,116,24
024039,87,0,87,0
024046,3964,0,3964,2
024047,1360,0,1360,0
024048,3689,0,3689,3
024051,2412,0,2412,0
024055,8958,0,8958,0
024056,3566,0,3566,1
024057,6693,0,6693,26
024061,10711,0,10711,9
024062,2319,0,2319,0
024063,1543,0,1543,2
024064,1507,0,1507,6
024066,1857,2,1859,0
024068,1176,0,1176,6
024070,3432,0,3432,2
024073,2327,17,2344,1
024074,5886,0,5886,1
024075,2439,0,2439,0
024079,2298,0,2298,8
024080,943,97,1040,56
024081,1888,0,1888,0
024082,1236,32,1268,0
024083,3252,0,3252,13
024084,5246,2,5248,0
024086,8306,0,8306,84
024087,10250,0,10250,2
024091,3088,0,3088,19
024094,871,0,871,0
024095,3122,0,3122,6
024096,1664,0,1664,0
024097,2542,0,2542,1
024098,40,0,40,0
024099,2122,3,2125,1
024100,14202,0,14202,8
024101,1503,81,1584,11
024102,2830,0,2830,0
024104,5790,3,5793,0
024105,14454,0,14454,5
024106,1482,11,1493,4
024107,2991,0,2991,5
024108,6051,0,6051,4
024110,3917,182,4099,7
024111,10940,0,10940,7
024112,1334,1,1335,4
024113,2995,5,3000,14
024115,1825,13,1838,13
024116,44719,0,44719,192
024117,1119,38,1157,7
024119,4859,3,4862,6
024121,435,0,435,1
024122,3197,2,3199,0
024123,313,0,313,18
024124,3125,55,3180,18
024126,3710,0,3710,0
024127,5778,1,5779,4
024128,478,0,478,2
025001,2245,0,2245,0
025003,1324,0,1324,0
025005,1976,0,1976,0
025006,14725,0,14725,1
025007,1146,0,1146,0
025008,15,0,15,0
025010,883,0,883,0
025011,2360,0,2360,11
025012,1196,0,1196,3
025014,438,0,438,0
025015,1577,0,1577,0
025017,491,0,491,0
025018,1188,0,1188,0
025019,2350,0,2350,0
025021,9205,26,9231,11
025023,1155,0,1155,0
025025,851,0,851,0
025026,3323,16,3339,0
025029,3823,0,3823,0
025030,1041,0,1041,0
025036,2547,0,2547,1
025039,2681,0,2681,0
025040,4235,0,4235,0
025044,1775,0,1775,0
025045,1011,0,1011,9
025046,473,0,473,0
025048,3304,0,3304,1
025053,4918,0,4918,0
025055,1943,0,1943,4
025056,2487,0,2487,0
025058,1793,0,1793,0
025060,2046,15,2061,0
025063,1180,0,1180,0
025066,682,0,682,0
025067,690,0,690,0
025069,209,0,209,0
025072,5115,0,5115,2
025073,2751,0,2751,0
025074,8040,0,8040,0
025075,3727,0,3727,6
026001,2617,0,2617,2
026003,3972,0,3972,2
026004,2951,0,2951,0
026005,3218,1,3219,0
026006,3218,0,3218,4
026007,2478,0,2478,0
026008,4214,0,4214,2
026009,4959,9,4968,1
026010,3945,1,3946,8
026012,233,0,233,4
026013,2992,0,2992,0
026014,2015,0,2015,0
026015,1343,27,1370,15
026016,1515,1,1516,10
026017,1857,0,1857,0
026018,1879,0,1879,10
026020,2323,9,2332,0
026021,11634,0,11634,3
026023,4230,9,4239,3
026025,2700,9,2709,6
026026,4326,0,4326,6
026027,2017,13,2030,0
026028,2589,1,2590,0
026029,2766,0,2766,1
026030,2109,0,2109,0
026031,106,0,106,0
026032,2138,0,2138,56
026033,2963,0,2963,0
026035,4010,2,4012,7
026036,4202,0,4202,16
026037,1943,0,1943,1
026038,4795,0,4795,0
026039,2799,3,2802,0
026040,3874,0,3874,0
026042,2215,0,2215,0
026043,10480,0,10480,1
026045,729,0,729,0
026046,13282,1,13283,1
026047,2229,0,2229,0
026048,1485,0,1485,1
026049,4540,0,4540,1
026050,3478,50,3528,6
026052,1909,12,1921,0
026053,1764,0,1764,3
026055,7830,0,7830,2
026057,4965,1,4966,1
026058,3462,0,3462,0
026059,4021,0,4021,0
026060,37,0,37,0
026061,1308,0,1308,0
026063,5673,0,5673,0
026064,3543,11,3554,0
026065,1060,0,1060,0
026066,3999,5,4004,6
026067,1532,0,1532,0
026068,4534,0,4534,14
026069,6314,0,6314,2
026070,2662,0,2662,0
026072,2954,0,2954,4
026073,2462,0,2462,0
026074,35,0,35,7
026075,3277,0,3277,0
026076,5079,0,5079,0
026077,3099,1,3100,0
026079,1727,21,1748,0
026080,3321,0,3321,0
026081,3489,17,3506,2
026082,4404,0,4404,0
026083,4649,0,4649,0
026084,2703,0,2703,2
026085,4080,0,4080,5
026086,25041,0,25041,11
026087,8244,0,8244,0
026089,6153,25,6178,0
026090,2180,0,2180,0
026091,6654,0,6654,0
026092,12459,0,12459,3
026095,4360,0,4360,0
026096,3409,0,3409,0
027001,1931,0,1931,0
027003,4689,34,4723,12
027004,4680,51,4731,18
027005,34,0,34,1
027007,2069,0,2069,5
027008,18821,0,18821,0
027009,1572,0,1572,0
027010,2146,0,2146,0
027011,5094,0,5094,5
027012,5438,0,5438,10
027013,7014,0,7014,6
027014,3681,5,3686,4
027015,1882,61,1943,0
027016,1179,0,1179,1
027017,3155,0,3155,20
027019,13265,0,13265,16
027020,5615,0,5615,0
027021,8214,26,8240,0
027022,2241,0,2241,23
027023,15618,0,15618,13
027024,10275,3,10278,7
027025,4160,25,4185,13
027026,5575,0,5575,1
027027,3166,0,3166,34
027028,4240,25,4265,0
027029,14510,5,14515,0
027031,3201,0,3201,0
027032,4967,0,4967,2
027033,17248,0,17248,6
027034,11148,0,11148,0
027035,6969,0,6969,7
027036,5865,56,5921,0
027037,8289,0,8289,6
027038,10150,0,10150,8
027040,1185,1,1186,0
027042,87384,0,87384,23
027043,3926,0,3926,2
028001,7256,0,7256,137
028002,1770,0,1770,0
028003,7638,3,7641,124
028005,1117,5,1122,6
028006,1126,0,1126,0
028008,1664,0,1664,1
028009,1748,34,1782,9
028010,324,22,346,0
028011,1288,0,1288,0
028012,1327,42,1369,0
028013,3877,0,3877,0
028015,2481,0,2481,1
028017,5940,0,5940,2
028018,1202,0,1202,0
028019,4442,0,4442,1
028020,2600,23,2623,6
028023,3067,29,3096,16
028026,2493,0,2493,1
028027,2404,1,2405,1
028028,2079,0,2079,20
028029,899,2,901,0
028030,2942,0,2942,1
028031,1273,8,1281,1
028032,8795,0,8795,53
028033,2797,0,2797,9
028034,4402,0,4402,0
028036,3268,0,3268,4
028037,9248,0,9248,2
028038,6,0,6,0
028039,3046,0,3046,0
028040,2271,38,2309,20
028043,1030,0,1030,11
028045,3209,0,3209,12
028046,3034,0,3034,36
028047,1729,0,1729,0
028053,1441,0,1441,5
028054,3448,19,3467,0
028055,6742,178,6920,4
028056,4395,0,4395,0
028057,4296,161,4457,20
028058,3414,0,3414,0
028059,2725,0,2725,0
028060,60668,0,60668,89
028061,1848,0,1848,9
028062,853,0,853,0
028063,5477,0,5477,0
028065,8055,0,8055,5
028066,1201,1,1202,10
028067,1418,0,1418,0
028069,3935,212,4147,5
028070,1743,0,1743,14
028071,2763,0,2763,2
028072,6564,0,6564,6
028073,2079,91,2170,8
028075,4405,0,4405,0
028078,2644,80,2724,1
028079,1336,0,1336,1
028080,3499,0,3499,0
028082,1,0,1,11
028085,3787,168,3955,10
028086,6718,0,6718,66
028087,3228,5,3233,123
028088,2515,0,2515,20
028090,1302,0,1302,0
028091,3068,24,3092,0
028092,3112,16,3128,15
028094,2136,0,2136,2
028095,1296,1,1297,0
028096,1696,0,1696,64
028097,1009,0,1009,3
028100,8639,0,8639,13
028101,2459,0,2459,6
028102,943,58,1001,0
028103,4153,0,4153,1
028104,2659,0,2659,1
028107,4021,0,4021,0
029001,1,0,1,1
029002,3216,170,3386,127
029005,758,0,758,0
029006,1144,0,1144,2
029007,729,12,741,0
029008,499,0,499,0
029009,1696,0,1696,10
029011,1101,1,1102,12
029013,1602,0,1602,3
029015,3287,0,3287,1
029017,1613,49,1662,0
029019,1529,23,1552,1
029021,1362,0,1362,0
029022,2348,0,2348,3
029023,889,0,889,13
029025,629,0,629,0
029026,1108,0,1108,21
029027,1179,0,1179,0
029028,776,0,776,0
029029,7287,0,7287,4
029030,2105,1,2106,14
029031,1520,74,1594,13
029032,1398,0,1398,0
029033,8661,0,8661,1
029036,687,4,691,0
029037,3319,0,3319,4
029038,837,35,872,1
029039,2,0,2,0
029040,4282,0,4282,0
029041,19469,0,19469,39
029043,900,0,900,24
029044,2159,0,2159,0
029045,1802,0,1802,0
029046,4281,111,4392,26
029047,1913,0,1913,0
029048,4334,0,4334,2
029049,1,0,1,0
029051,653,26,679,0
029052,8147,0,8147,39
030002,605,0,605,0
030003,1255,1,1256,0
030005,1349,0,1349,0
030008,2,0,2,0
030013,5,0,5,0
030015,1001,0,1001,0
030016,4849,0,4849,0
030019,1405,0,1405,0
030020,2,0,2,3
030021,828,0,828,0
030024,378,0,378,0
030026,10943,0,10943,0
030028,1216,0,1216,0
030031,2283,0,2283,0
030032,1399,0,1399,0
030035,978,0,978,0
030037,3541,0,3541,0
030039,842,0,842,0
030041,1213,0,1213,0
030043,5860,0,5860,0
030045,377,0,377,0
030049,9945,0,9945,0
030053,3353,0,3353,0
030062,3285,10,3295,0
030063,1243,0,1243,0
030064,1289,0,1289,0
030065,1885,0,1885,0
030066,1489,0,1489,0
030070,2409,0,2409,0
030075,1385,0,1385,0
030084,327,0,327,0
030085,687,0,687,0
030087,1843,0,1843,0
030090,3088,0,3088,0
030092,615,0,615,0
030095,145,0,145,0
030099,6165,0,6165,0
030100,3043,0,3043,0
030103,1,0,1,0
030106,1009,0,1009,0
030111,403,0,403,0
030113,196,0,196,0
030116,2890,0,2890,0
030118,4891,0,4891,2
030121,4444,0,4444,0
030124,1748,0,1748,0
030126,1108,0,1108,0
030127,3631,1,3632,0
030129,45566,2,45568,0
030130,1773,0,1773,0
030132,647,0,647,0
030135,553,0,553,0
030137,1554,0,1554,0
030138,688,0,688,0
030190,3073,0,3073,0
031001,956,0,956,0
031003,665,0,665,0
031004,295,0,295,0
031007,4860,0,4860,0
031009,6231,0,6231,0
031011,12,0,12,0
031012,7173,0,7173,0
031016,4650,0,4650,0
031017,1058,0,1058,0
031018,2720,0,2720,0
031021,1492,0,1492,0
031022,15,0,15,0
031024,1366,0,1366,0
032003,1,0,1,0
033001,960,0,960,8
033002,1848,0,1848,0
033005,2875,0,2875,6
033006,7789,0,7789,0
033007,1764,1,1765,0
033008,1025,0,1025,0
033011,3519,0,3519,0
033012,3465,0,3465,2
033013,3604,0,3604,12
033014,2397,0,2397,0
033015,373,0,373,0
033016,1409,0,1409,0
033017,761,0,761,0
033018,4,0,4,1
033020,1,0,1,0
033021,5484,110,5594,22
033023,2061,0,2061,0
033024,1758,0,1758,0
033025,2004,96,2100,1
033026,2120,0,2120,2
033027,4710,0,4710,0
033028,1705,0,1705,27
033030,1117,0,1117,1
033032,29769,0,29769,77
033033,1905,0,1905,183
033034,712,18,730,0
033035,3170,0,3170,2
033038,4184,0,4184,0
033040,3571,0,3571,5
033041,490,0,490,0
033043,2858,0,2858,0
033045,2400,7,2407,1
033049,3640,175,3815,3
034003,3027,0,3027,0
034004,1923,0,1923,0
034006,2163,0,2163,0
034008,1120,0,1120,0
034009,3658,0,3658,0
034010,3017,0,3017,8
034012,2707,0,2707,0
034013,2747,0,2747,0
034014,6154,1,6155,12
034015,3093,0,3093,0
034016,2171,0,2171,0
034018,4485,0,4485,0
034019,2196,0,2196,0
034020,3939,0,3939,0
034022,2322,0,2322,0
034023,4002,0,4002,2
034024,4010,1,4011,0
034025,4220,0,4220,0
034026,1637,0,1637,0
034027,35880,0,35880,12
034028,765,0,765,0
034030,1632,0,1632,0
034031,1638,0,1638,0
034032,7165,0,7165,1
034033,2378,0,2378,0
034035,1197,0,1197,0
034039,3019,0,3019,0
034041,2621,0,2621,4
034042,5295,2,5297,1
034046,1,0,1,0
034049,3898,0,3898,0
034051,4307,24,4331,0
035001,3340,0,3340,0
035002,3466,1,3467,0
035003,2612,0,2612,5
035004,4033,4,4037,0
035005,2448,0,2448,0
035006,2538,0,2538,1
035008,3977,0,3977,3
035009,2210,1,2211,3
035010,2033,0,2033,0
035011,4417,0,4417,2
035012,5376,0,5376,0
035013,2745,56,2801,0
035014,4754,0,4754,0
035015,3549,0,3549,2
035016,5826,2,5828,1
035017,3198,0,3198,0
035018,3345,0,3345,0
035020,10149,0,10149,0
035021,4046,3,4049,0
035022,2616,0,2616,0
035023,4566,0,4566,0
035024,6977,0,6977,0
035026,3865,0,3865,0
035027,4298,0,4298,0
035028,5644,0,5644,0
035029,3983,2,3985,0
035030,4706,0,4706,16
035032,5013,0,5013,0
035033,47939,0,47939,2
035034,2307,0,2307,0
035035,2169,4,2173,0
035036,4801,0,4801,0
035037,2710,0,2710,0
035038,2759,0,2759,4
035039,3185,0,3185,0
035040,9318,0,9318,0
035041,3014,0,3014,0
035042,1731,0,1731,31
035043,2471,0,2471,1
035044,1828,0,1828,0
035045,3967,0,3967,0
035046,6690,0,6690,0
036001,1137,0,1137,0
036002,3758,0,3758,0
036003,6988,0,6988,0
036004,1575,0,1575,0
036005,31854,0,31854,2
036006,13271,0,13271,5
036007,5305,0,5305,0
036008,6379,0,6379,0
036009,3202,0,3202,0
036010,5763,0,5763,4
036011,3316,0,3316,0
036012,7240,0,7240,4
036013,6364,4,6368,0
036015,10663,0,10663,5
036016,2941,0,2941,0
036017,3370,8,3378,0
036018,4471,0,4471,0
036019,9249,0,9249,0
036020,2101,0,2101,0
036021,3085,0,3085,0
036022,17791,17,17808,1
036023,60513,0,60513,2
036025,1733,0,1733,0
036026,6259,0,6259,0
036027,13983,0,13983,0
036028,6756,0,6756,0
036029,2418,0,2418,0
036030,8028,0,8028,1
036031,2286,0,2286,0
036032,1793,0,1793,0
036033,2444,0,2444,0
036034,1873,0,1873,0
036035,1823,0,1823,0
036036,2023,0,2023,0
036037,4834,0,4834,0
036038,2021,0,2021,1
036039,2555,0,2555,0
036040,17267,0,17267,0
036041,3277,0,3277,4
036042,6986,1,6987,0
036043,3744,0,3744,0
036044,5619,0,5619,0
036045,4948,0,4948,0
036046,6210,0,6210,0
036047,4268,0,4268,4
037001,3059,0,3059,0
037002,3547,0,3547,0
037003,3066,0,3066,0
037005,2422,0,2422,0
037006,77590,0,77590,0
037007,2063,2,2065,0
037008,5993,0,5993,0
037009,3730,0,3730,0
037010,2669,3,2672,0
037011,5335,0,5335,2
037012,1705,0,1705,1
037013,2508,0,2508,0
037014,1154,0,1154,1
037015,2666,0,2666,1
037016,2318,0,2318,0
037017,2418,0,2418,0
037019,4300,0,4300,0
037020,8370,0,8370,0
037021,4026,0,4026,0
037022,4187,0,4187,0
037024,5429,0,5429,0
037025,2750,0,2750,0
037026,1145,0,1145,0
037027,4005,0,4005,0
037028,1985,0,1985,0
037030,3863,0,3863,0
037031,2796,0,2796,2
037032,22127,0,22127,1
037033,4579,0,4579,0
037034,2358,0,2358,0
037035,3551,0,3551,0
037036,2340,0,2340,0
037037,6381,0,6381,0
037038,3131,0,3131,0
037039,7428,0,7428,0
037040,4230,0,4230,0
037041,2502,0,2502,0
037042,3926,0,3926,0
037044,3194,0,3194,0
037045,2320,0,2320,0
037046,4140,0,4140,0
037047,4396,0,4396,0
037048,3357,0,3357,0
037050,2620,0,2620,0
037051,4819,0,4819,0
037052,2683,0,2683,0
037053,12326,0,12326,0
037054,5560,0,5560,0
037055,6640,0,6640,0
037056,2416,0,2416,0
037057,4811,0,4811,0
037059,4665,0,4665,0
037060,5132,0,5132,0
037061,13595,0,13595,0
037062,5264,0,5264,0
038001,9435,0,9435,2
038003,7853,0,7853,5
038004,12505,0,12505,0
038005,8932,0,8932,11
038006,37889,0,37889,42
038007,10870,0,10870,0
038008,57203,0,57203,0
038010,1890,7,1897,0
038011,2823,0,2823,0
038012,19,0,19,0
038014,4653,26,4679,93
038017,3417,0,3417,0
038018,4186,0,4186,0
038019,5529,1,5530,0
038022,4282,0,4282,0
038025,2623,0,2623,3
038027,7187,0,7187,5
038028,5136,0,5136,0
038029,5900,0,5900,1
038030,4746,0,4746,5
039001,9151,0,9151,0
039002,12451,0,12451,0
039003,1443,0,1443,0
039004,4465,0,4465,0
039005,1954,0,1954,0
039006,4702,0,4702,0
039007,16654,0,16654,0
039008,7275,0,7275,0
039009,5095,0,5095,0
039010,19554,0,19554,2
039011,5737,0,5737,0
039012,22184,0,22184,0
039013,6471,0,6471,0
039014,78278,0,78278,0
039015,3567,0,3567,0
039016,6591,2,6593,0
039017,2252,0,2252,0
039018,2102,0,2102,0
040001,3670,0,3670,4
040003,5104,0,5104,4
040004,1669,0,1669,0
040005,3726,0,3726,4
040007,37753,0,37753,7
040008,13384,0,13384,0
040009,2462,1,2463,17
040011,1064,11,1075,1
040012,51486,0,51486,2
040013,5865,6,5871,0
040014,1232,18,1250,7
040015,6439,0,6439,0
040016,7164,0,7164,8
040018,3146,2,3148,0
040019,5792,3,5795,6
040020,4024,0,4024,0
040022,3177,0,3177,9
040028,788,0,788,2
040031,1028,0,1028,0
040032,4021,22,4043,1
040033,627,0,627,0
040036,1356,0,1356,1
040037,1886,0,1886,0
040041,6963,5,6968,0
040043,2910,19,2929,0
040044,2351,0,2351,0
040045,10,0,10,4
040046,2441,0,2441,3
040049,1042,0,1042,7
040050,2126,0,2126,0
041001,2677,0,2677,0
041002,1659,2,1661,1
041005,421,0,421,1
041006,921,0,921,8
041007,6764,5,6769,0
041008,2751,0,2751,3
041009,1585,0,1585,4
041013,22120,0,22120,26
041014,2817,0,2817,0
041015,6885,0,6885,0
041016,738,0,738,0
041017,357,19,376,1
041018,1322,3,1325,1
041019,2686,0,2686,0
041021,466,0,466,3
041022,1049,1,1050,1
041023,1194,4,1198,0
041025,1064,8,1072,0
041026,974,0,974,2
041029,8595,0,8595,0
041030,1538,14,1552,3
041031,698,0,698,0
041035,1000,0,1000,0
041036,4159,0,4159,10
041038,1371,0,1371,3
041043,4729,0,4729,1
041044,30547,96,30643,5
041045,1305,0,1305,0
041047,1092,2,1094,4
041048,550,0,550,9
041049,1308,2,1310,0
041054,2183,1,2184,0
041057,1857,1,1858,0
041058,1018,0,1018,0
041061,1149,0,1149,0
041064,637,23,660,0
041065,4297,5,4302,3
041066,3736,2,3738,0
041067,10056,4,10060,3
041068,6824,0,6824,0
041070,4,0,4,0
041071,2581,0,2581,3
042001,1899,0,1899,0
042002,27452,0,27452,4
042003,4948,0,4948,21
042004,1204,0,1204,0
042005,1258,0,1258,0
042008,2935,0,2935,3
042010,475,0,475,0
042012,2349,16,2365,20
042014,5904,0,5904,0
042017,13562,0,13562,1
042018,6022,0,6022,0
042019,4687,0,4687,0
042020,1698,0,1698,0
042021,18524,0,18524,11
042022,5984,0,5984,0
042023,4419,46,4465,0
042024,2,0,2,30
042026,1713,0,1713,1
042027,5550,0,5550,0
042029,2067,0,2067,21
042030,2514,0,2514,0
042031,1025,0,1025,0
042032,4437,0,4437,0
042033,980,0,980,0
042034,9,0,9,7
042035,3830,1,3831,0
042036,1883,0,1883,0
042038,2030,0,2030,0
042040,1178,40,1218,7
042041,893,0,893,0
042043,2361,0,2361,0
042045,17955,0,17955,1
042048,3,0,3,0
042050,3024,1,3025,0
043002,2321,0,2321,0
043003,2325,0,2325,0
043005,594,0,594,0
043007,6433,0,6433,0
043009,5862,0,5862,0
043013,20099,0,20099,16
043015,1,0,1,4
043017,1605,0,1605,0
043019,1663,3,1666,0
043021,880,0,880,0
043023,19817,37,19854,0
043024,4516,0,4516,0
043026,4134,0,4134,0
043027,210,0,210,0
043028,3738,0,3738,10
043029,2226,0,2226,0
043031,4356,4,4360,0
043032,676,0,676,0
043033,5932,0,5932,0
043034,1162,0,1162,0
043035,1428,0,1428,1
043036,1770,0,1770,0
043039,1508,0,1508,0
043041,3311,0,3311,0
043042,7503,2,7505,0
043044,6868,0,6868,0
043048,830,0,830,0
043050,656,0,656,1
043051,776,0,776,0
043052,2104,0,2104,0
043053,8728,0,8728,1
043056,229,0,229,0
043058,1377,0,1377,0
044001,2904,0,2904,0
044002,3,0,3,0
044007,15651,0,15651,0
044010,1333,0,1333,0
044014,49,0,49,0
044015,2683,0,2683,0
044017,3480,0,3480,0
044021,1144,0,1144,0
044023,8649,0,8649,0
044029,562,0,562,5
044031,2209,0,2209,0
044034,1007,0,1007,0
044036,1676,0,1676,0
044044,1143,0,1143,0
044045,3323,0,3323,0
044054,3818,0,3818,0
044056,179,0,179,0
044063,2436,5,2441,0
044064,1456,0,1456,0
044065,1275,0,1275,0
044066,17569,0,17569,0
044073,1144,0,1144,0
045001,5515,0,5515,0
045002,2379,0,2379,0
045003,27051,0,27051,1
045004,1389,0,1389,0
045005,1182,0,1182,0
045006,1805,0,1805,0
045007,11719,0,11719,0
045008,2591,0,2591,0
045009,3753,0,3753,0
045010,34907,13,34920,16
045011,5491,16,5507,13
045012,1978,0,1978,0
045013,1069,0,1069,0
045014,5651,0,5651,0
045016,4099,0,4099,0
045017,1477,0,1477,0
046001,8071,0,8071,2
046002,5128,5,5133,0
046003,5345,0,5345,0
046004,5760,0,5760,0
046005,29665,34,29699,0
046006,1675,0,1675,0
046007,24052,0,24052,0
046010,1622,0,1622,0
046011,3693,0,3693,0
046013,12961,1,12962,0
046014,483,0,483,0
046015,2312,0,2312,1
046017,46991,0,46991,5
046021,2597,6,2603,0
046023,2596,0,2596,0
046024,18106,0,18106,3
046025,1142,0,1142,0
046026,4529,0,4529,2
046030,3845,4,3849,0
046031,890,0,890,0
046033,30914,1,30915,0
046034,1688,86,1774,0
046037,1689,0,1689,0
047002,6006,0,6006,0
047003,4248,12,4260,1
047005,6605,0,6605,0
047006,4395,0,4395,0
047007,4056,0,4056,0
047008,3503,1,3504,5
047009,13326,0,13326,0
047010,6698,0,6698,0
047011,11184,0,11184,6
047012,10983,0,10983,88
047013,4160,0,4160,0
047014,37162,0,37162,2
047016,4290,27,4317,0
047017,21684,0,21684,0
047018,2981,0,2981,0
047020,7186,0,7186,0
047022,2270,0,2270,21
047023,376,0,376,0
047024,5787,0,5787,0
048002,4375,0,4375,0
048004,7540,0,7540,0
048005,7320,0,7320,0
048006,15164,1,15165,0
048010,7450,0,7450,0
048011,5608,20,5628,0
048013,2477,0,2477,0
048014,21887,0,21887,0
048015,4144,0,4144,0
048017,109106,0,109106,8
048018,7402,0,7402,0
048020,3260,0,3260,0
048021,7698,0,7698,0
048022,5241,3,5244,0
048024,8634,0,8634,0
048025,1081,0,1081,1
048028,6090,0,6090,0
048031,1037,0,1037,0
048032,3707,0,3707,7
048033,9995,14,10009,1
048035,8751,0,8751,0
048036,5296,2,5298,0
048037,3486,1,3487,14
048038,6752,0,6752,3
048039,1388,0,1388,0
048041,10787,0,10787,0
048043,15610,0,15610,2
048044,7581,0,7581,1
048046,3536,13,3549,0
048049,4439,0,4439,0
048052,7563,0,7563,0
048053,5293,0,5293,3
048054,6899,0,6899,2
049002,13016,0,13016,0
049004,140,0,140,0
049005,22,0,22,0
049006,6986,0,6986,0
049007,15421,0,15421,0
049009,44620,0,44620,0
049012,12152,0,12152,0
049014,11128,0,11128,0
049017,20916,0,20916,0
049018,8370,0,8370,0
049019,937,0,937,0
049020,1803,0,1803,0
050001,5625,23,5648,0
050002,4442,0,4442,0
050003,1,0,1,0
050004,6690,0,6690,8
050005,4690,0,4690,0
050006,1076,0,1076,0
050008,20827,0,20827,14
050009,8487,0,8487,1
050010,1752,0,1752,0
050011,1917,0,1917,1
050012,1860,0,1860,0
050014,2300,1,2301,0
050015,1164,0,1164,0
050019,1415,0,1415,0
050021,1213,0,1213,0
050022,7289,0,7289,2
050023,742,0,742,0
050024,4194,0,4194,0
050025,3780,0,3780,0
050026,31969,0,31969,0
050028,10851,0,10851,0
050029,11613,0,11613,0
050030,1266,0,1266,0
050031,16194,0,16194,0
050032,16385,0,16385,4
050033,7098,0,7098,0
050034,1708,0,1708,0
050035,5992,0,5992,5
050036,3920,0,3920,0
050038,5958,0,5958,1
050039,8808,0,8808,0
050040,10718,0,10718,0
050041,2,0,2,1
051001,3807,0,3807,1
051002,34127,0,34127,0
051003,1292,0,1292,2
051004,6775,0,6775,0
051006,3111,0,3111,0
051008,2160,1,2161,0
051010,3076,0,3076,0
051011,1053,1,1054,0
051012,9391,0,9391,1
051015,1984,0,1984,0
051016,7125,0,7125,0
051017,11249,0,11249,2
051018,2,0,2,0
051020,3588,0,3588,0
051021,2463,2,2465,0
051022,1845,0,1845,0
051023,870,0,870,0
051025,5652,0,5652,0
051026,16236,0,16236,0
051027,919,0,919,0
051030,2,0,2,0
051031,3566,0,3566,0
051033,4535,0,4535,1
051034,7060,0,7060,0
051035,1247,0,1247,0
051037,3981,0,3981,0
051038,1657,0,1657,0
051039,5592,1,5593,1
051040,7785,0,7785,0
051041,4629,0,4629,0
051042,5370,0,5370,0
052002,3780,0,3780,2
052003,2096,0,2096,11
052004,2414,0,2414,11
052005,1847,0,1847,1
052006,4063,0,4063,2
052007,22,0,22,1
052009,4320,14,4334,0
052011,3413,0,3413,1
052012,8375,0,8375,1
052013,2424,4,2428,0
052016,4143,0,4143,0
052017,5165,6,5171,0
052018,1250,0,1250,2
052019,2710,2,2712,0
052020,4203,2,4205,2
052021,938,0,938,14
052022,11178,0,11178,0
052023,2355,2,2357,1
052024,965,26,991,0
052025,892,2,894,0
052026,7,0,7,0
052030,1401,0,1401,0
052031,2943,0,2943,5
052032,19485,0,19485,11
052034,7641,20,7661,1
052035,5273,22,5295,0
053001,6918,0,6918,0
053002,1796,2,1798,0
053004,2680,0,2680,0
053005,1976,0,1976,0
053006,2423,0,2423,0
053007,32,0,32,0
053008,2660,4,2664,0
053009,10708,0,10708,0
053011,36514,0,36514,1
053013,2205,0,2205,0
053015,3077,0,3077,0
053016,5,0,5,0
053017,2704,0,2704,1
053018,8463,3,8466,2
053019,1,0,1,0
053021,6641,0,6641,3
053023,2353,0,2353,0
053024,26,0,26,0
053025,1304,0,1304,0
053026,4546,0,4546,0
053027,741,0,741,0
054002,12387,0,12387,0
054004,3076,1,3077,0
054007,3142,0,3142,1
054008,2777,0,2777,0
054009,9641,0,9641,0
054010,1454,8,1462,0
054011,2694,0,2694,0
054013,22601,1,22602,6
054014,2493,0,2493,26
054015,8035,0,8035,5
054017,4246,27,4273,2
054018,22103,0,22103,34
054020,1173,0,1173,0
054021,2192,3,2195,3
054022,3934,0,3934,0
054023,6245,0,6245,2
054024,17439,0,17439,3
054025,678,0,678,0
054027,7329,0,7329,1
054031,1188,0,1188,0
054032,991,1,992,1
054033,1099,0,1099,4
054034,3064,0,3064,2
054035,7107,0,7107,0
054036,1003,0,1003,7
054037,2732,0,2732,1
054038,2316,0,2316,0
054039,61612,0,61612,16
054040,2346,9,2355,0
054044,5560,0,5560,0
054045,932,0,932,0
054046,2064,0,2064,0
054050,3631,33,3664,0
054051,18536,0,18536,3
054052,10708,0,10708,3
054053,2351,0,2351,0
054054,4164,1,4165,0
054056,6766,27,6793,0
054059,1070,0,1070,0
055001,3215,1,3216,0
055003,1572,0,1572,0
055004,62,0,62,0
055006,1378,31,1409,83
055007,2985,7,2992,3
055011,2920,0,2920,0
055012,2228,0,2228,0
055013,1738,2,1740,19
055014,1555,110,1665,7
055015,2353,0,2353,7
055016,1482,0,1482,0
055017,2992,4,2996,32
055018,2541,52,2593,31
055019,1386,0,1386,0
055020,1073,1,1074,0
055021,1563,7,1570,0
055022,9426,0,9426,2
055023,11189,0,11189,25
055024,2,0,2,0
055025,1119,7,1126,1
055026,1132,10,1142,0
055028,993,0,993,1
055029,1,0,1,0
055030,2363,4,2367,0
055031,4726,0,4726,0
055032,31979,0,31979,12
056001,4588,0,4588,0
056002,997,0,997,0
056003,1806,0,1806,2
056004,658,0,658,0
056005,3362,0,3362,0
056007,1395,0,1395,0
056008,3758,0,3758,86
056009,1780,14,1794,0
056010,834,0,834,0
056014,3051,0,3051,4
056015,1666,0,1666,0
056017,2361,4,2365,0
056018,2020,0,2020,0
056020,1051,0,1051,0
056022,1621,0,1621,1
056023,1744,0,1744,0
056024,2323,0,2323,0
056025,1478,0,1478,0
056026,6,0,6,0
056027,1347,1,1348,0
056028,1219,0,1219,1
056029,1858,0,1858,1
056030,1386,0,1386,0
056031,1947,0,1947,0
056032,1236,2,1238,1
056035,203,0,203,35
056036,9189,88,9277,0
056037,22,0,22,0
056038,2076,1,2077,1
056039,4789,0,4789,2
056040,1406,0,1406,0
056041,2442,0,2442,1
056044,671,0,671,1
056045,2059,0,2059,105
056046,1371,0,1371,0
056047,2163,0,2163,0
056048,2950,6,2956,1
056049,7902,105,8007,0
056050,3928,0,3928,0
056051,554,0,554,0
056052,2833,0,2833,0
056053,3426,0,3426,0
056056,524,0,524,0
056057,4329,0,4329,0
056059,28214,3,28217,14
056060,2787,0,2787,1
057002,8201,0,8201,0
057003,2309,0,2309,0
057004,739,0,739,0
057006,2266,0,2266,0
057008,1200,0,1200,0
057009,1738,0,1738,0
057010,939,0,939,0
057011,1503,0,1503,0
057012,1561,0,1561,0
057013,606,0,606,0
057015,1137,0,1137,0
057016,3214,0,3214,0
057017,867,0,867,32
057018,820,0,820,1
057019,593,0,593,0
057020,669,0,669,0
057024,257,3,260,0
057025,2509,0,2509,0
057026,909,0,909,0
057027,7466,0,7466,8
057028,3738,0,3738,3
057029,1234,0,1234,0
057031,1771,0,1771,0
057032,491,0,491,0
057033,4314,1,4315,0
057034,1386,3,1389,0
057035,1441,0,1441,0
057036,317,0,317,0
057037,148,0,148,0
057039,583,0,583,1
057041,149,0,149,0
057042,417,14,431,0
057044,2397,0,2397,0
057045,505,0,505,0
057046,690,0,690,0
057047,860,0,860,2
057049,2575,0,2575,0
057050,1601,0,1601,0
057052,1496,0,1496,18
057053,2114,0,2114,1
057054,2107,0,2107,5
057056,846,4,850,0
057057,1515,0,1515,0
057058,1653,0,1653,1
057059,19863,0,19863,0
057060,1061,0,1061,0
057062,1514,0,1514,0
057063,671,0,671,0
057064,2691,0,2691,3
057066,549,0,549,0
057067,1679,1,1680,0
057068,1093,0,1093,0
057069,1019,1,1020,0
057071,941,1,942,0
057072,382,0,382,0
057073,601,0,601,13
058001,232,1,233,8
058003,12135,1,12136,90
058004,1,0,1,13
058005,5551,2,5553,93
058006,1430,0,1430,39
058007,24971,0,24971,454
058008,905,0,905,457
058009,5662,0,5662,53
058010,668,0,668,6
058011,7763,0,7763,325
058013,5926,0,5926,126
058014,2361,0,2361,10
058015,6440,0,6440,6
058019,1155,0,1155,0
058021,567,0,567,0
058022,2950,0,2950,95
058024,3969,32,4001,37
058026,4218,0,4218,143
058027,810,0,810,0
058029,18825,0,18825,155
058030,1305,0,1305,0
058031,1039,0,1039,9
058032,12104,0,12104,91
058033,953,0,953,47
058034,4683,0,4683,169
058035,1239,0,1239,29
058036,4690,16,4706,7
058037,646,2,648,0
058038,4771,0,4771,29
058039,5539,0,5539,69
058040,4143,0,4143,21
058041,1115,0,1115,116
058043,7845,0,7845,88
058045,894,0,894,59
058046,5048,111,5159,46
058047,22274,0,22274,649
058048,1223,0,1223,14
058049,2328,0,2328,20
058050,5760,1,5761,35
058051,482,3,485,5
058052,638,0,638,1
058053,693,0,693,0
058054,4880,0,4880,5
058056,1823,0,1823,65
058057,14424,1,14425,71
058058,1868,0,1868,0
058059,8473,0,8473,62
058060,2763,0,2763,17
058061,1544,0,1544,33
058062,975,1,976,15
058063,3074,8,3082,188
058064,1900,1,1901,20
058065,12884,0,12884,143
058066,1899,0,1899,24
058068,3047,0,3047,62
058070,1143,0,1143,7
058071,890,0,890,8
058072,14152,0,14152,160
058074,9224,69,9293,303
058075,8034,0,8034,86
058076,484,4,488,6
058077,796,0,796,12
058079,18960,0,18960,448
058080,804,0,804,26
058081,2939,3,2942,49
058082,3190,1,3191,46
058084,860,0,860,0
058085,617,4,621,1
058086,7065,0,7065,136
058087,363,6,369,2
058091,516331,0,516331,8676
058093,2729,0,2729,0
058094,904,0,904,0
058096,1271,1,1272,0
058097,9043,1,9044,162
058098,2250,5,2255,9
058099,2727,0,2727,0
058100,2331,1,2332,63
058102,3842,3,3845,10
058104,13230,150,13380,297
058105,2779,0,2779,91
058107,3186,0,3186,11
058110,4734,0,4734,89
058111,24161,6,24167,77
058114,8451,17,8468,90
058115,5406,0,5406,130
058116,13302,6,13308,116
058117,27077,0,27077,118
058118,5924,0,5924,26
058119,136,0,136,35
058120,1,0,1,177
058122,6359,0,6359,101
059001,25098,1,25099,2
059002,968,0,968,0
059003,759,0,759,14
059004,2133,1,2134,1
059006,6888,9,6897,0
059007,17940,0,17940,169
059010,11046,104,11150,47
059011,30150,0,30150,42
059012,1797,10,1807,9
059014,17102,28,17130,0
059015,2941,272,3213,1
059016,1599,0,1599,0
059019,4187,24,4211,7
059020,1788,0,1788,1
059021,3139,0,3139,0
059023,1470,0,1470,1
059024,11037,0,11037,4
059025,7770,0,7770,1
059026,4260,0,4260,21
059027,5436,0,5436,0
059028,8954,0,8954,0
059029,3185,11,3196,0
059030,1686,344,2030,2
059031,2581,0,2581,16
059032,14761,7,14768,41
059033,737,98,835,0
060002,1759,0,1759,26
060003,13258,0,13258,5
060004,3520,0,3520,1
060006,10814,0,10814,42
060008,3784,41,3825,12
060009,1120,0,1120,3
060011,1903,159,2062,1
060012,2195,0,2195,1
060014,2736,1,2737,14
060015,1440,0,1440,0
060017,1560,0,1560,16
060018,3812,0,3812,0
060019,11243,43,11286,27
060020,2487,0,2487,12
060024,8391,0,8391,24
060026,4742,0,4742,6
060028,1220,0,1220,1
060031,4525,0,4525,13
060032,715,1,716,12
060033,10166,0,10166,19
060034,1504,0,1504,0
060036,1973,0,1973,2
060038,23610,4,23614,99
060039,1697,0,1697,2
060040,1358,0,1358,10
060041,1609,0,1609,5
060042,1,0,1,0
060043,8177,3,8180,12
060044,3207,11,3218,14
060045,2178,186,2364,26
060046,3522,0,3522,1
060048,2010,307,2317,0
060049,1390,0,1390,0
060050,1517,0,1517,1
060051,959,116,1075,0
060052,3152,0,3152,2
060053,3428,0,3428,2
060054,732,0,732,1
060055,2311,0,2311,0
060056,4566,21,4587,5
060057,1671,19,1690,6
060058,2618,0,2618,1
060061,974,0,974,0
060062,3624,0,3624,2
060064,2540,27,2567,23
060065,707,0,707,7
060067,1641,4,1645,5
060068,1702,0,1702,110
060069,1243,98,1341,4
060071,3879,0,3879,6
060072,1055,0,1055,0
060074,9822,6,9828,1
060075,1215,15,1230,1
060076,3086,24,3110,13
060077,628,8,636,0
060078,890,82,972,0
060079,4938,1,4939,12
060081,1271,0,1271,2
060083,581,0,581,0
060084,3230,0,3230,0
060085,9763,2,9765,11
060086,536,0,536,2
060087,2227,0,2227,81
060088,720,0,720,0
060089,1795,0,1795,19
060090,1178,0,1178,1
061001,859,0,859,0
061004,3465,0,3465,0
061006,1494,0,1494,0
061011,949,0,949,0
061012,54,0,54,6
061013,4493,35,4528,34
061014,1583,0,1583,0
061015,3531,0,3531,0
061016,2370,0,2370,0
061017,3508,0,3508,10
061021,2160,10,2170,0
061022,22229,4,22233,3
061029,2896,0,2896,0
061030,656,0,656,0
061032,2494,0,2494,7
061033,18,0,18,0
061034,787,0,787,0
061035,1039,1,1040,0
061038,1735,0,1735,0
061039,291,0,291,0
061042,4314,0,4314,0
061043,3156,0,3156,1
061044,1436,0,1436,0
061046,5283,6,5289,6
061047,4805,0,4805,0
061049,12293,30,12323,12
061050,1277,0,1277,0
061051,1802,0,1802,0
061052,14467,16,14483,0
061057,3853,16,3869,0
061058,2523,0,2523,0
061059,1723,0,1723,0
061060,2816,0,2816,0
061061,1168,0,1168,1
061064,357,0,357,0
061065,1275,0,1275,0
061067,2217,0,2217,1
061068,2479,0,2479,0
061069,2064,0,2064,0
061071,297,0,297,0
061073,858,0,858,0
061074,6588,0,6588,43
061075,8472,0,8472,2
061076,1389,1,1390,0
061077,4503,11,4514,80
061080,1368,0,1368,0
061081,4953,0,4953,3
061082,6648,0,6648,0
061085,1946,0,1946,0
061087,5133,12,5145,14
061088,11168,35,11203,7
061089,4304,0,4304,6
061090,2452,15,2467,0
061094,8442,0,8442,10
061096,685,0,685,0
061097,1464,0,1464,0
061098,4062,170,4232,4
061099,5291,19,5310,0
061101,1916,0,1916,0
061102,7617,0,7617,33
062001,5001,70,5071,0
062002,2206,0,2206,0
062003,2356,0,2356,0
062004,2676,2,2678,0
062005,806,0,806,3
062006,761,0,761,0
062007,1513,17,1530,0
062008,17626,0,17626,0
062009,662,17,679,0
062010,1272,0,1272,2
062011,855,0,855,0
062012,849,0,849,0
062013,823,0,823,0
062014,1113,0,1113,0
062015,777,0,777,0
062017,2164,0,2164,0
062018,743,0,743,0
062020,831,0,831,0
062021,1393,0,1393,0
062022,2473,0,2473,0
062023,4978,0,4978,2
062024,1970,0,1970,5
062025,1613,0,1613,0
062026,4332,0,4332,0
062027,1672,0,1672,0
062028,1351,0,1351,0
062029,2806,0,2806,0
062030,2255,0,2255,0
062031,1202,0,1202,17
062032,577,0,577,0
062033,535,0,535,0
062034,1576,0,1576,0
062035,1313,0,1313,0
062036,391,0,391,0
062037,6645,4,6649,0
062038,2210,0,2210,0
062039,1722,0,1722,0
062040,2834,0,2834,0
062041,986,0,986,0
062043,7878,1,7879,2
062044,5679,0,5679,0
062045,2255,0,2255,0
062046,1774,0,1774,0
062047,1482,0,1482,0
062048,948,0,948,63
062049,676,0,676,0
062050,2015,0,2015,12
062051,1234,0,1234,0
062052,1773,24,1797,0
062053,1467,0,1467,0
062056,1000,0,1000,0
062057,8674,0,8674,2
062058,3622,0,3622,0
062059,3936,0,3936,0
062060,475,0,475,0
062062,1325,0,1325,2
062063,298,0,298,0
062064,2845,0,2845,0
062065,438,0,438,0
062068,3167,0,3167,0
062069,1244,0,1244,3
062070,5504,0,5504,1
062071,2671,0,2671,0
062072,174,0,174,0
062075,832,0,832,0
062076,1,0,1,0
062077,1809,0,1809,0
062078,104,0,104,0
063001,18044,0,18044,0
063002,13314,21,13335,0
063003,3974,7,3981,1
063004,4124,0,4124,0
063005,5593,0,5593,3
063008,11284,0,11284,0
063009,4569,0,4569,0
063010,3420,0,3420,4
063011,7279,0,7279,0
063013,2830,3,2833,0
063014,4262,0,4262,0
063015,1555,110,1665,0
063018,1871,0,1871,0
063019,5352,15,5367,0
063021,3566,0,3566,9
063022,1056,0,1056,21
063023,12396,21,12417,37
063024,10956,0,10956,17
063025,3333,0,3333,0
063026,3410,1,3411,0
063027,3997,0,3997,2
063029,870,0,870,0
063031,8978,0,8978,2
063032,7817,3,7820,0
063033,3634,0,3634,0
063034,21838,0,21838,36
063035,5730,0,5730,5
063037,9087,1,9088,0
063038,2916,0,2916,15
063039,6501,44,6545,0
063041,8875,20,8895,24
063042,2469,0,2469,1
063043,9502,1,9503,0
063044,5782,0,5782,0
063045,6119,13,6132,0
063048,6872,48,6920,2
063049,126885,0,126885,15
063050,15529,0,15529,49
063051,14721,66,14787,0
063052,8534,16,8550,97
063054,1857,0,1857,0
063055,9837,1,9838,35
063058,7988,0,7988,0
063060,15514,1,15515,0
063061,10259,26,10285,0
063062,5409,0,5409,0
063063,10851,9,10860,21
063064,10768,22,10790,2
063066,10902,0,10902,0
063071,2768,0,2768,0
063072,6797,0,6797,7
063074,8064,0,8064,3
063076,8196,16,8212,1
063077,3848,1,3849,14
063078,3981,6,3987,0
063079,15776,0,15776,0
063081,3977,0,3977,0
063082,10470,0,10470,1
063083,9866,45,9911,0
063084,18915,0,18915,10
063086,1,0,1,0
063088,2810,31,2841,1
063090,2936,2,2938,0
063092,1620,0,1620,0
064001,1729,0,1729,0
064003,3403,0,3403,2
064006,65,0,65,0
064007,4706,0,4706,18
064008,16654,8,16662,1
064010,1967,1,1968,0
064011,4728,0,4728,0
064012,2433,40,2473,0
064015,5993,0,5993,0
064017,3154,0,3154,0
064018,996,6,1002,0
064019,2241,0,2241,0
064020,1511,0,1511,0
064023,1830,0,1830,0
064024,1787,0,1787,29
064025,5374,0,5374,0
064026,1929,0,1929,8
064028,1211,4,1215,0
064030,1761,0,1761,0
064031,1643,0,1643,10
064032,1964,16,1980,0
064034,3832,0,3832,0
064036,2085,0,2085,1
064037,1988,0,1988,0
064038,6933,11,6944,0
064039,18,0,18,6
064040,2623,0,2623,0
064041,3230,0,3230,0
064042,1579,0,1579,0
064044,4830,51,4881,0
064045,1313,0,1313,15
064047,989,0,989,0
064049,2915,9,2924,5
064050,4982,0,4982,2
064052,3458,0,3458,0
064053,1681,0,1681,4
064055,985,0,985,0
064056,1124,10,1134,1
064058,3519,0,3519,7
064059,2503,18,2521,0
064060,811,0,811,0
064063,1996,0,1996,5
064064,874,0,874,0
064066,2793,0,2793,0
064068,1401,0,1401,0
064069,671,0,671,1
064070,2609,0,2609,0
064071,371,0,371,1
064072,1566,0,1566,10
064075,2930,20,2950,0
064077,1852,0,1852,0
064078,4474,0,4474,3
064081,661,0,661,0
064083,3341,0,3341,1
064085,1262,10,1272,0
064088,1084,0,1084,4
064090,642,0,642,0
064092,5081,0,5081,0
064093,976,3,979,0
064095,1750,12,1762,0
064096,2204,0,2204,0
064098,885,0,885,0
064103,2005,17,2022,1
064106,1392,0,1392,0
064110,1119,7,1126,0
064111,707,1,708,0
064113,795,0,795,0
064116,2441,0,2441,7
064117,667,0,667,0
064119,4381,0,4381,0
064121,15750,74,15824,0
065001,5,0,5,0
065002,5071,0,5071,2
065003,3268,0,3268,0
065004,535,0,535,0
065006,2346,0,2346,0
065007,7941,0,7941,17
065008,1,0,1,0
065009,3347,0,3347,1
065010,2688,0,2688,6
065011,147,0,147,0
065012,1,0,1,0
065013,5340,0,5340,0
065014,6,0,6,0
065015,1586,0,1586,0
065017,2833,0,2833,0
065018,2597,0,2597,0
065019,2676,0,2676,0
065021,5845,14,5859,0
065022,9804,0,9804,1
065023,579,0,579,0
065024,740,0,740,0
065025,13417,0,13417,9
065026,2216,0,2216,0
065027,1717,0,1717,0
065028,5002,0,5002,0
065029,1357,0,1357,20
065030,1838,0,1838,0
065031,5429,2,5431,0
065032,1653,3,1656,0
065033,814,0,814,0
065034,6155,0,6155,0
065035,2328,0,2328,0
065036,670,0,670,0
065037,11043,0,11043,0
065038,1431,0,1431,0
065040,1775,1,1776,0
065041,1089,0,1089,0
065042,1183,3,1186,0
065044,927,0,927,0
065045,1315,0,1315,0
065046,1738,0,1738,0
065047,628,19,647,0
065048,50,0,50,0
065049,366,51,417,0
065050,14468,0,14468,0
065051,545,0,545,0
065052,5295,1,5296,54
065055,2756,0,2756,0
065056,4752,0,4752,0
065058,801,0,801,0
065059,1705,0,1705,0
065060,1495,1,1496,30
065061,2846,0,2846,0
065062,1016,0,1016,0
065063,1349,0,1349,0
065064,909,55,964,2
065065,537,0,537,0
065067,7831,0,7831,5
065069,1116,0,1116,0
065070,3245,0,3245,0
065071,3066,0,3066,12
065074,439,0,439,0
065075,3314,18,3332,0
065076,9436,0,9436,0
065077,874,0,874,0
065078,12628,0,12628,0
065079,8476,9,8485,0
065080,21,0,21,0
065081,2601,6,2607,0
065082,4064,0,4064,7
065083,2912,0,2912,0
065084,1840,0,1840,0
065085,690,0,690,2
065087,6180,0,6180,5
065088,7381,0,7381,0
065090,2821,0,2821,0
065091,1972,21,1993,0
065092,1025,0,1025,0
065093,490,0,490,0
065095,2639,0,2639,4
065096,1313,0,1313,0
065097,6074,0,6074,0
065098,3275,0,3275,0
065099,9955,0,9955,18
065100,3322,0,3322,0
065101,3165,0,3165,0
065103,762,0,762,3
065104,1656,0,1656,0
065106,4454,0,4454,0
065107,2187,0,2187,0
065108,2042,0,2042,3
065110,816,12,828,0
065111,1320,0,1320,0
065113,1373,0,1373,0
065114,11539,9,11548,0
065115,840,0,840,0
065116,30772,0,30772,25
065117,418,0,418,12
065118,3060,21,3081,0
065119,2022,3,2025,0
065120,6622,0,6622,1
065123,816,0,816,0
065124,845,0,845,0
065125,2052,0,2052,10
065126,1838,14,1852,7
065127,2549,2,2551,4
065129,1,0,1,0
065131,1173,0,1173,0
065132,6735,0,6735,0
065134,3604,2,3606,0
065135,10300,0,10300,0
065136,6432,0,6432,6
065137,1,0,1,0
065139,515,0,515,0
065140,2994,0,2994,0
065141,1245,0,1245,74
065144,621,0,621,0
065145,898,0,898,0
065146,8964,7,8971,25
065147,1374,85,1459,6
065148,1148,0,1148,0
065149,2197,1,2198,1
065150,1270,0,1270,0
065154,5818,0,5818,17
065156,2690,0,2690,2
065157,2291,0,2291,0
066001,1922,0,1922,8
066002,1307,0,1307,0
066003,1841,0,1841,1
066005,997,0,997,0
066006,20673,1,20674,4
066007,1333,0,1333,0
066008,2,0,2,0
066009,2651,5,2656,1
066010,219,0,219,0
066011,395,0,395,0
066012,3314,0,3314,0
066013,1,0,1,0
066014,730,1,731,0
066015,1432,0,1432,0
066016,413,0,413,0
066017,3,0,3,0
066018,3,0,3,0
066020,4854,1,4855,54
066021,1528,0,1528,0
066022,396,0,396,0
066023,1,0,1,0
066024,149,0,149,0
066025,3235,0,3235,0
066026,1253,1,1254,0
066027,1421,0,1421,0
066028,2220,1,2221,1
066029,1184,63,1247,0
066030,323,0,323,5
066031,1437,0,1437,4
066032,8961,13,8974,0
066033,1059,0,1059,0
066034,1606,0,1606,0
066035,914,0,914,50
066036,1192,0,1192,0
066037,974,0,974,0
066038,1874,2,1876,1
066039,2938,0,2938,0
066040,383,0,383,0
066041,2035,0,2035,0
066042,15,0,15,0
066043,278,0,278,0
066044,1583,0,1583,0
066045,709,0,709,0
066046,3767,0,3767,0
066047,1115,0,1115,0
066048,1014,4,1018,0
066049,15896,7,15903,20
066050,1759,0,1759,0
066051,5837,0,5837,0
066052,2150,0,2150,0
066053,2370,0,2370,0
066054,2528,0,2528,0
066056,3823,32,3855,0
066057,2316,0,2316,0
066058,661,0,661,0
066060,709,0,709,1
066061,844,0,844,0
066062,1074,0,1074,0
066063,1138,0,1138,0
066064,882,0,882,0
066065,484,0,484,0
066066,2635,0,2635,0
066067,1183,0,1183,0
066068,3005,0,3005,0
066069,3020,0,3020,2
066070,2013,0,2013,0
066071,1581,0,1581,0
066072,4515,0,4515,4
066073,670,1,671,2
066074,2,0,2,0
066075,4034,0,4034,0
066076,1703,12,1715,0
066077,4415,0,4415,0
066078,1946,18,1964,0
066079,737,0,737,1
066080,3,0,3,0
066081,1,0,1,27
066082,2984,27,3011,0
066083,359,0,359,0
066084,2006,0,2006,17
066085,2548,0,2548,8
066086,240,0,240,0
066087,3038,2,3040,1
066088,619,0,619,0
066089,2167,0,2167,1
066090,438,0,438,0
066091,757,0,757,0
066093,1795,0,1795,0
066094,1428,0,1428,2
066096,4288,0,4288,8
066097,2714,0,2714,0
066098,13511,0,13511,4
066099,3874,0,3874,0
066100,332,8,340,0
066101,2105,1,2106,11
066102,3279,0,3279,0
066103,624,0,624,0
066104,1337,0,1337,0
066106,2026,0,2026,0
066107,1106,49,1155,0
066108,1247,0,1247,0
067001,4860,0,4860,0
067002,688,0,688,0
067003,788,0,788,1
067004,4752,3,4755,9
067005,2064,0,2064,12
067006,3085,0,3085,0
067007,1024,0,1024,0
067008,7318,0,7318,8
067009,920,0,920,0
067011,9,0,9,0
067013,2827,0,2827,2
067014,765,87,852,1
067015,1170,0,1170,2
067016,1235,0,1235,0
067017,2967,0,2967,0
067019,2950,0,2950,0
067020,1266,0,1266,1
067022,2355,0,2355,0
067023,1340,19,1359,0
067025,10709,17,10726,0
067026,3526,0,3526,1
067027,928,0,928,3
067029,1301,0,1301,0
067030,3899,0,3899,12
067031,1596,0,1596,9
067032,3518,6,3524,0
067033,741,1,742,0
067035,9568,0,9568,13
067036,553,0,553,0
067038,2841,2,2843,9
067041,14242,0,14242,1
067042,896,0,896,0
067043,2227,0,2227,0
067044,6294,0,6294,6
067045,1130,0,1130,0
067046,566,0,566,0
067047,5700,0,5700,0
068001,480,0,480,0
068002,2279,0,2279,20
068004,500,0,500,0
068005,2322,0,2322,0
068007,1432,0,1432,0
068008,631,0,631,0
068009,780,0,780,0
068011,3885,29,3914,2
068012,4776,0,4776,1
068013,1038,0,1038,0
068014,2589,0,2589,11
068016,369,0,369,0
068018,1273,0,1273,1
068022,7676,1,7677,74
068023,807,0,807,0
068024,20595,0,20595,3
068025,2125,0,2125,26
068026,1711,712,2423,0
068027,5569,5,5574,1
068028,43801,0,43801,5
068029,846,0,846,0
068030,1935,21,1956,0
068033,3496,0,3496,10
068034,1940,0,1940,0
068035,1821,0,1821,188
068037,995,0,995,0
068038,2459,0,2459,0
068040,714,0,714,8
068041,5490,0,5490,390
068042,2463,0,2463,2
068043,2485,0,2485,0
068044,892,0,892,0
068045,367,0,367,0
069001,2658,0,2658,0
069002,1842,0,1842,4
069003,926,108,1034,0
069004,794,0,794,0
069005,8253,0,8253,27
069006,4,0,4,0
069007,665,0,665,0
069008,2449,0,2449,1
069009,406,0,406,0
069010,1068,0,1068,0
069011,881,0,881,0
069012,1225,0,1225,1
069013,720,0,720,0
069014,1166,0,1166,6
069015,3362,0,3362,2
069016,2324,0,2324,0
069017,3213,6,3219,0
069018,3428,0,3428,0
069019,352,54,406,0
069020,2609,0,2609,0
069021,1175,0,1175,0
069022,19743,0,19743,12
069023,670,0,670,0
069024,1276,0,1276,0
069025,447,0,447,0
069027,2158,0,2158,0
069028,2,0,2,0
069029,727,0,727,0
069030,1447,1,1448,6
069031,2151,0,2151,0
069033,2598,0,2598,0
069034,626,0,626,0
069035,9939,5,9944,2
069036,1068,0,1068,1
069037,1804,0,1804,0
069038,866,0,866,20
069039,847,0,847,0
069041,1811,1,1812,10
069042,635,0,635,0
069044,888,0,888,0
069046,15366,0,15366,0
069047,1052,0,1052,1
069048,527,0,527,0
069049,910,0,910,3
069050,2915,3,2918,47
069051,2503,0,2503,0
069052,284,0,284,0
069053,652,0,652,0
069054,574,0,574,0
069055,1422,14,1436,1
069056,2069,8,2077,5
069057,2768,0,2768,0
069058,10744,27,10771,5
069059,3131,0,3131,8
069060,1591,0,1591,0
069061,907,0,907,2
069062,1025,0,1025,0
069063,505,0,505,5
069064,1171,0,1171,41
069066,1691,0,1691,9
069067,949,0,949,0
069068,1857,0,1857,0
069069,1277,6,1283,0
069070,1084,0,1084,0
069071,1418,0,1418,1
069072,2165,0,2165,55
069073,1401,0,1401,0
069074,2624,0,2624,0
069075,1701,0,1701,4
069076,790,49,839,0
069078,1,0,1,0
069079,1479,43,1522,1
069080,769,0,769,5
069081,4729,6,4735,11
069082,1076,1,1077,9
069083,10154,0,10154,6
069084,1003,5,1008,0
069085,7,0,7,0
069086,6067,0,6067,0
069089,649,0,649,0
069090,2989,0,2989,22
069091,3152,0,3152,1
069092,1293,0,1293,0
069093,1365,0,1365,0
069094,1817,0,1817,0
069095,3,0,3,0
069096,1074,0,1074,0
069097,850,0,850,0
069098,911,0,911,0
069099,16898,0,16898,0
069100,559,0,559,1
069101,1683,0,1683,0
069102,1543,0,1543,0
069103,396,0,396,0
069104,814,0,814,4
070001,536,0,536,0
070002,1385,2,1387,0
070003,6743,0,6743,0
070004,3612,0,3612,1
070005,1082,0,1082,0
070006,12298,0,12298,7
070007,1094,0,1094,2
070008,2184,0,2184,2
070009,856,0,856,0
070010,1,0,1,0
070011,2823,1,2824,0
070012,1232,0,1232,0
070014,910,0,910,0
070016,1845,0,1845,0
070017,3559,0,3559,0
070019,1155,0,1155,0
070020,973,0,973,2
070021,3617,0,3617,0
070022,873,0,873,0
070023,3543,49,3592,2
070024,1567,0,1567,0
070025,2506,0,2506,0
070026,764,2,766,0
070027,722,0,722,0
070029,3496,0,3496,7
070030,1643,0,1643,1
070031,3331,5,3336,0
070032,1123,0,1123,0
070035,966,0,966,0
070036,845,0,845,0
070037,1181,0,1181,1
070038,1746,0,1746,41
070039,265,0,265,0
070040,563,0,563,0
070041,1867,0,1867,0
070043,1399,0,1399,0
070044,953,0,953,0
070045,313,0,313,0
070046,11162,0,11162,0
070047,826,0,826,0
070048,1063,0,1063,5
070049,1486,0,1486,0
070050,3390,0,3390,0
070051,2453,0,2453,0
070052,2225,0,2225,0
070053,1269,0,1269,0
070054,522,0,522,0
070055,1044,0,1044,0
070056,210,0,210,1
070057,7061,8,7069,2
070058,1632,7,1639,0
070059,1250,0,1250,0
070060,1887,0,1887,0
070061,1487,0,1487,0
070062,1438,0,1438,0
070063,455,0,455,0
070064,1236,0,1236,0
070065,1070,0,1070,1
070066,637,1,638,0
070067,962,0,962,0
070068,1355,0,1355,2
070070,222,0,222,0
070071,627,2,629,0
070072,3450,0,3450,0
070073,571,0,571,0
070074,2207,0,2207,0
070075,2317,1,2318,0
070076,867,0,867,0
070077,816,0,816,0
070078,12831,1,12832,1
070079,1155,0,1155,0
070080,2332,2,2334,0
070081,3040,0,3040,0
070082,686,0,686,0
070083,2931,0,2931,0
071002,2081,3,2084,0
071005,7,0,7,2
071006,3196,0,3196,0
071010,2661,0,2661,2
071011,1393,0,1393,0
071012,5378,0,5378,7
071014,2193,0,2193,0
071016,15,0,15,0
071017,2032,0,2032,0
071020,17756,0,17756,5
071021,1760,0,1760,0
071022,3499,0,3499,0
071023,2220,0,2220,0
071024,30056,0,30056,17
071027,7179,0,7179,8
071028,15272,0,15272,0
071031,1,0,1,0
071032,960,0,960,0
071033,8489,0,8489,0
071034,1487,0,1487,0
071036,9119,51,9170,2
071038,3497,0,3497,1
071040,14,0,14,0
071043,3840,12,3852,0
071044,2544,0,2544,0
071048,1733,0,1733,2
071049,16768,125,16893,0
071050,3500,0,3500,0
071051,30721,0,30721,4
071052,3198,0,3198,0
071053,3682,0,3682,0
071056,14434,0,14434,0
071058,45,0,45,0
071059,7051,0,7051,13
071060,6016,0,6016,0
071061,1078,0,1078,3
071063,1460,0,1460,4
071064,1536,0,1536,0
072003,9267,0,9267,22
072004,31284,0,31284,0
072006,75,0,75,22
072008,1245,0,1245,0
072011,21435,0,21435,0
072012,4429,0,4429,0
072014,5729,0,5729,0
072015,8810,0,8810,0
072017,13739,6,13745,551
072018,2534,0,2534,0
072019,13433,0,13433,11
072020,32468,0,32468,0
072021,14755,0,14755,0
072022,8236,0,8236,51
072023,16845,0,16845,1
072025,49,0,49,35
072027,12529,0,12529,0
072028,15807,117,15924,0
072030,19591,606,20197,0
072032,11369,0,11369,8
072033,10601,0,10601,0
072035,9735,0,9735,92
072036,12139,3,12142,6
072037,67,0,67,41
072038,12836,0,12836,0
072039,6716,0,6716,0
072040,12,0,12,0
072041,18904,0,18904,0
072044,6127,0,6127,14
072046,12366,0,12366,0
072047,12667,0,12667,0
073001,2993,121,3114,4
073002,4087,0,4087,0
073003,9577,0,9577,0
073004,5755,0,5755,8
073005,2259,26,2285,6
073006,5015,21,5036,0
073008,20655,1,20656,7
073009,7772,0,7772,0
073010,8240,30,8270,13
073011,8256,0,8256,24
073012,22074,0,22074,13
073013,22706,52,22758,3
073014,5753,0,5753,12
073015,16300,1,16301,0
073016,3751,0,3751,16
073017,2120,6,2126,7
073018,11,0,11,0
073019,7033,0,7033,0
073022,9521,0,9521,15
073026,16055,0,16055,3
073027,46516,11,46527,41
073029,4247,12,4259,0
074001,30566,0,30566,4
074002,15552,0,15552,0
074003,18166,27,18193,0
074004,7316,16,7332,0
074005,10153,16,10169,0
074006,6974,0,6974,0
074007,26176,0,26176,2
074008,17605,0,17605,6
074009,10489,0,10489,0
074010,18450,0,18450,0
074011,9592,0,9592,0
074012,15137,0,15137,43
074013,4754,0,4754,0
074014,7932,0,7932,0
074015,10125,0,10125,2
074016,6561,0,6561,4
074018,8810,0,8810,0
074019,8254,0,8254,6
074020,8008,0,8008,0
075002,6139,0,6139,0
075003,2,0,2,0
075004,12516,0,12516,4
075006,10332,0,10332,0
075007,1782,0,1782,1
075008,1562,0,1562,0
075009,3948,0,3948,0
075010,6830,0,6830,5
075012,2116,0,2116,0
075014,12668,0,12668,16
075015,7748,0,7748,0
075016,16546,0,16546,2
075017,2741,0,2741,0
075018,4053,0,4053,0
075019,7457,0,7457,0
075021,8247,0,8247,24
075023,5738,0,5738,0
075024,6473,0,6473,0
075025,3355,0,3355,6
075026,8825,0,8825,0
075027,7700,100,7800,0
075028,6370,0,6370,0
075029,22037,0,22037,47
075030,11015,0,11015,0
075031,10298,0,10298,0
075032,1721,0,1721,0
075033,3364,0,3364,0
075034,6478,0,6478,48
075035,47998,1,47999,234
075036,5692,0,5692,0
075038,8873,0,8873,0
075039,9835,0,9835,0
075040,6933,0,6933,2
075042,12227,0,12227,0
075044,8761,0,8761,1
075045,3334,6,3340,0
075046,5127,0,5127,0
075047,5287,0,5287,0
075048,10795,1,10796,0
075049,3656,0,3656,0
075051,5832,0,5832,0
075052,34890,0,34890,0
075053,8303,6,8309,0
075055,3918,0,3918,0
075056,3470,0,3470,0
075057,3448,0,3448,0
075058,1889,0,1889,0
075059,7110,0,7110,0
075061,7382,0,7382,0
075063,11346,24,11370,12
075064,11069,0,11069,0
075065,5240,222,5462,0
075066,9422,6,9428,0
075067,1440,0,1440,0
075068,4756,0,4756,0
075069,3245,0,3245,0
075070,7192,0,7192,2
075072,5070,0,5070,0
075073,6266,0,6266,0
075074,2353,0,2353,0
075075,4036,0,4036,0
075076,7484,0,7484,0
075077,5811,0,5811,0
075078,4504,0,4504,0
075079,5327,0,5327,0
075080,2866,0,2866,0
075081,5161,0,5161,5
075082,1448,0,1448,0
075083,12103,200,12303,2
075084,12054,0,12054,0
075085,10436,12,10448,6
075086,3504,0,3504,0
075087,7705,0,7705,49
075088,16294,0,16294,5
075089,7618,2,7620,0
075090,18693,0,18693,0
075091,7166,0,7166,0
075092,12772,0,12772,1
075093,300,0,300,0
075095,2294,0,2294,0
075096,2390,0,2390,11
075097,11132,0,11132,0
075098,11822,0,11822,11
076001,2407,19,2426,0
076002,2751,0,2751,0
076004,1805,0,1805,0
076005,1463,0,1463,0
076006,4967,6,4973,0
076007,9474,0,9474,0
076008,1252,0,1252,0
076009,1641,0,1641,0
076011,2218,0,2218,0
076012,2016,0,2016,0
076014,1134,0,1134,0
076015,2012,0,2012,0
076016,831,0,831,0
076018,2151,0,2151,0
076020,945,0,945,0
076021,2647,0,2647,0
076022,1492,0,1492,0
076023,1794,0,1794,0
076024,2173,0,2173,0
076025,1363,6,1369,0
076026,2773,0,2773,0
076028,943,10,953,34
076029,4010,0,4010,0
076030,1888,0,1888,0
076031,1174,0,1174,0
076032,2764,0,2764,0
076033,3635,0,3635,0
076034,3872,34,3906,10
076035,1337,0,1337,0
076036,5698,0,5698,0
076037,2391,0,2391,0
076038,791,0,791,0
076039,2340,0,2340,0
076040,3275,0,3275,0
076041,2621,0,2621,0
076042,10710,0,10710,12
076043,507,0,507,0
076044,4969,0,4969,0
076046,3861,0,3861,0
076049,744,0,744,0
076050,2980,0,2980,0
076051,2092,0,2092,0
076053,2580,0,2580,0
076055,1913,0,1913,0
076056,3421,0,3421,0
076057,4346,0,4346,0
076058,3241,0,3241,0
076059,4142,1,4143,0
076061,1362,0,1362,0
076062,3563,0,3563,0
076063,24815,13,24828,44
076064,185,0,185,0
076065,1157,0,1157,0
076066,8530,0,8530,5
076067,2985,0,2985,0
076069,1241,0,1241,0
076070,2319,0,2319,0
076071,3132,0,3132,0
076072,1871,0,1871,0
076073,1803,0,1803,0
076075,1207,0,1207,0
076076,3721,0,3721,1
076077,2613,0,2613,0
076078,2605,0,2605,0
076080,4811,0,4811,0
076083,1891,1,1892,0
076084,1375,0,1375,0
076085,4732,0,4732,0
076086,3,0,3,0
076087,499,0,499,0
076088,1391,0,1391,0
076089,5399,0,5399,0
076090,3182,0,3182,0
076091,3371,1,3372,0
076092,2805,0,2805,0
076093,1501,0,1501,0
076094,2340,0,2340,0
076095,6989,0,6989,7
076096,4,0,4,21
076097,2455,0,2455,0
076100,4561,0,4561,0
077001,3175,0,3175,0
077002,1851,0,1851,0
077003,7476,0,7476,0
077004,974,0,974,0
077005,1172,0,1172,0
077007,217,0,217,0
077009,1356,0,1356,0
077010,1704,1,1705,0
077011,4786,107,4893,0
077014,17746,0,17746,0
077015,2590,0,2590,0
077017,4891,0,4891,4
077018,3621,0,3621,0
077019,1157,0,1157,0
077022,3393,0,3393,0
077023,2579,0,2579,0
077024,2425,0,2425,0
077026,2961,0,2961,0
077027,5231,0,5231,1
077028,3034,0,3034,0
077029,3170,0,3170,0
078001,2078,0,2078,2
078002,1921,10,1931,1
078003,14062,0,14062,6
078004,1980,0,1980,0
078005,1583,0,1583,0
078010,7686,5,7691,6
078011,3296,0,3296,6
078012,1908,0,1908,3
078013,2414,9,2423,5
078017,6569,0,6569,14
078018,2980,0,2980,0
078021,2052,0,2052,1
078022,1611,5,1616,0
078023,3545,0,3545,5
078029,4077,0,4077,0
078030,1988,0,1988,0
078031,3751,0,3751,19
078032,963,16,979,0
078033,14833,0,14833,5
078034,1624,0,1624,1
078035,492,0,492,0
078036,2640,0,2640,4
078037,2492,0,2492,0
078038,1538,0,1538,2
078039,1049,0,1049,2
078040,2953,25,2978,0
078041,1773,14,1787,0
078042,1027,10,1037,8
078043,1985,0,1985,0
078045,23656,0,23656,37
078046,1587,1,1588,0
078048,2818,128,2946,0
078050,1672,0,1672,1
078051,4498,0,4498,3
078052,1017,0,1017,0
078053,836,0,836,19
078054,1800,13,1813,0
078055,2221,0,2221,0
078056,1360,0,1360,0
078057,2841,0,2841,0
078058,3716,0,3716,0
078060,3444,0,3444,1
078061,962,0,962,2
078063,2386,0,2386,0
078064,820,0,820,5
078065,7,0,7,0
078066,2461,0,2461,0
078067,832,0,832,0
078068,5627,0,5627,1
078069,2184,0,2184,0
078070,3424,0,3424,4
078071,1027,0,1027,127
078073,1555,3,1558,0
078075,1578,2,1580,2
078077,1405,1,1406,0
078078,793,0,793,0
078079,4626,0,4626,0
078080,2726,2,2728,0
078081,12124,35,12159,6
078082,3780,0,3780,1
078083,5383,0,5383,0
078084,3229,0,3229,0
078085,1640,0,1640,0
078087,3,0,3,3
078088,2128,0,2128,0
078089,1055,0,1055,2
078090,941,0,941,0
078091,9094,0,9094,17
078092,1484,0,1484,5
078093,2117,0,2117,0
078094,701,4,705,13
078096,1419,0,1419,0
078097,1016,41,1057,0
078098,1380,0,1380,0
078099,883,0,883,0
078102,16180,0,16180,62
078104,4297,0,4297,15
078105,2057,1,2058,3
078106,3679,4,3683,2
078109,514,0,514,7
078110,1787,0,1787,1
078111,559,0,559,0
078112,1784,0,1784,4
078113,895,11,906,0
078114,4487,0,4487,29
078115,3546,1,3547,0
078116,6113,199,6312,0
078117,1759,12,1771,1
078118,2167,0,2167,43
078119,14408,0,14408,14
078120,1595,0,1595,0
078122,1625,0,1625,3
078123,7199,39,7238,27
078125,2407,0,2407,6
078126,842,5,847,0
078130,1502,24,1526,0
078132,4937,0,4937,12
078133,1767,6,1773,1
078134,923,0,923,14
078135,1572,1,1573,6
078137,1627,5,1632,0
078138,2939,0,2939,1
078140,533,1,534,10
078142,8196,0,8196,14
078145,1594,5,1599,2
078146,5327,0,5327,4
078147,115,0,115,0
078148,11940,0,11940,11
078149,568,0,568,0
078150,8500,0,8500,13
078152,1760,6,1766,0
078154,8835,113,8948,0
078155,1243,0,1243,1
078157,31525,0,31525,23
079002,1721,17,1738,10
079003,3657,0,3657,1
079005,1365,3,1368,2
079007,749,21,770,2
079009,1007,0,1007,0
079011,6280,21,6301,2
079012,3957,0,3957,2
079017,1431,0,1431,4
079020,3140,5,3145,21
079023,32473,8,32481,263
079025,837,7,844,16
079027,1396,0,1396,2
079029,6672,2,6674,15
079030,877,0,877,23
079034,4873,0,4873,4
079036,6129,55,6184,1
079039,7184,120,7304,5
079043,5620,117,5737,3
079047,4106,1,4107,47
079048,4121,0,4121,64
079052,1124,0,1124,45
079055,1505,0,1505,9
079056,2227,13,2240,0
079058,177,0,177,50
079059,7768,30,7798,14
079060,1642,13,1655,9
079061,6023,0,6023,1
079063,1578,0,1578,0
079069,5243,0,5243,6
079071,396,0,396,4
079072,1619,0,1619,5
079073,1841,5,1846,3
079074,1339,2,1341,0
079077,1592,0,1592,13
079080,1624,0,1624,6
079083,1332,2,1334,0
079088,2181,16,2197,0
079089,2662,14,2676,0
079092,1458,0,1458,9
079094,1797,0,1797,0
079095,2794,9,2803,6
079096,2557,0,2557,14
079099,2718,0,2718,6
079108,1089,0,1089,0
079114,4270,0,4270,18
079115,1332,0,1332,9
079122,3121,0,3121,0
079123,4320,2,4322,0
079126,1126,0,1126,18
079127,8421,0,8421,75
079129,4874,0,4874,3
079130,6062,0,6062,24
079131,2343,86,2429,15
079133,9567,399,9966,12
079134,1281,2,1283,9
079137,4732,0,4732,0
079138,1240,0,1240,5
079139,1825,0,1825,53
079142,3313,0,3313,18
079143,46,5169,5215,0
079146,3300,0,3300,8
079147,4050,0,4050,10
079148,1242,2,1244,1
079160,22755,2,22757,37
080001,1025,0,1025,28
080003,2681,0,2681,1
080004,1855,0,1855,4
080006,1149,2,1151,0
080007,44,0,44,17
080009,3632,80,3712,9
080010,1,0,1,0
080012,6226,1,6227,13
080013,1742,6,1748,0
080015,2169,284,2453,1
080016,1371,86,1457,0
080018,2667,52,2719,7
080019,369,0,369,12
080021,880,0,880,8
080022,1208,27,1235,1
080023,2459,209,2668,0
080027,5508,52,5560,4
080030,1228,0,1228,0
080032,2365,0,2365,4
080033,1119,0,1119,12
080034,912,26,938,29
080035,2308,0,2308,0
080036,1507,8,1515,1
080037,2387,0,2387,0
080038,12244,0,12244,4
080039,6055,24,6079,36
080040,9674,0,9674,30
080041,739,0,739,9
080042,4547,0,4547,2
080044,2620,32,2652,1
080046,2666,0,2666,0
080048,1300,0,1300,1
080049,5259,13,5272,8
080051,2323,0,2323,0
080052,2245,1,2246,30
080053,3086,12,3098,57
080054,6340,2,6342,3
080055,6215,4,6219,5
080056,1734,0,1734,0
080057,9128,0,9128,18
080059,1537,0,1537,0
080060,3940,0,3940,1
080061,7612,2,7614,10
080062,2482,0,2482,0
080065,5161,7,5168,27
080067,3903,0,3903,1
080068,872,74,946,0
080069,8383,0,8383,18
080070,934,0,934,7
080071,2362,0,2362,34
080076,726,0,726,0
080079,828,0,828,10
080080,485,14,499,40
080081,5192,0,5192,26
080082,2304,0,2304,1
080084,1194,0,1194,0
080085,3087,109,3196,17
080086,3334,0,3334,0
080087,1018,0,1018,0
080088,15394,0,15394,21
080089,2236,26,2262,4
080090,528,0,528,3
080091,1239,0,1239,0
080092,1677,0,1677,0
080093,11783,23,11806,22
080094,847,0,847,0
080095,2312,0,2312,1
080096,4869,0,4869,40
080097,3996,0,3996,10
081001,44376,0,44376,76
081002,4386,0,4386,0
081004,13757,2977,16734,1
081005,11794,0,11794,38
081006,25749,0,25749,168
081007,7221,0,7221,0
081008,13747,0,13747,4
081010,3819,0,3819,0
081011,60498,0,60498,6
081012,38046,0,38046,1728
081013,11256,0,11256,0
081014,10096,3,10099,0
081018,3319,0,3319,3
081021,23847,0,23847,47
081022,13503,0,13503,0
081023,2679,0,2679,5
081025,5478,0,5478,8
082001,4709,0,4709,9
082002,4540,0,4540,10
082004,2892,0,2892,1
082006,25750,219,25969,46
082007,4442,0,4442,0
082008,2895,0,2895,0
082009,1,0,1,27
082011,2198,0,2198,53
082012,3804,0,3804,0
082013,6070,487,6557,2
082016,1245,0,1245,0
082018,1825,0,1825,3
082021,26290,0,26290,11
082022,6412,1,6413,3
082023,2666,0,2666,29
082024,3911,71,3982,0
082025,3166,0,3166,0
082026,990,0,990,0
082031,8255,0,8255,0
082032,3318,0,3318,13
082033,1488,0,1488,0
082034,9585,5,9590,0
082035,4065,114,4179,0
082036,7539,0,7539,0
082037,3151,0,3151,0
082038,1212,0,1212,4
082040,1103,0,1103,1
082042,2288,0,2288,1
082043,2664,5,2669,8
082044,2890,9,2899,4
082045,7068,0,7068,0
082046,5719,139,5858,0
082047,3254,0,3254,0
082049,16347,0,16347,65
082050,3510,0,3510,2
082052,2778,0,2778,0
082053,165010,0,165010,876
082054,24389,0,24389,235
082055,2030,0,2030,42
082057,4594,0,4594,2
082058,3537,0,3537,0
082059,2251,66,2317,0
082062,3137,0,3137,1
082067,5561,0,5561,27
082068,2128,0,2128,2
082069,647,0,647,0
082070,10904,0,10904,84
082071,9816,0,9816,1
082073,5326,5,5331,0
082074,3215,0,3215,0
082075,428,0,428,0
082077,3855,1,3856,2
082079,8908,2,8910,7
082081,267,473,740,0
082082,2405,0,2405,6
083001,2787,19,2806,10
083003,1942,0,1942,21
083005,31182,0,31182,5
083006,1954,0,1954,66
083007,4104,0,4104,34
083008,2657,206,2863,0
083009,6865,0,6865,44
083010,1140,31,1171,2
083011,4698,0,4698,1
083012,8,0,8,0
083013,1974,0,1974,0
083014,2890,0,2890,11
083015,1541,0,1541,2
083016,2944,0,2944,0
083018,725,0,725,5
083019,2199,210,2409,3
083020,4060,0,4060,31
083021,1432,12,1444,0
083022,1304,0,1304,0
083023,2705,0,2705,7
083024,6,0,6,0
083025,4801,108,4909,0
083026,1223,0,1223,59
083027,3050,0,3050,0
083028,16,3428,3444,0
083029,2076,0,2076,1
083030,2101,24,2125,102
083031,891,4,895,0
083032,4484,248,4732,0
083034,2084,0,2084,0
083035,2806,2,2808,0
083036,2113,3,2116,0
083037,860,2,862,0
083038,1640,0,1640,8
083039,1354,0,1354,12
083041,3595,0,3595,30
083042,2783,0,2783,38
083043,1256,0,1256,6
083046,1731,3,1734,0
083048,1365,0,1365,270
083049,12464,0,12464,147
083050,2506,0,2506,19
083051,1847,37,1884,1
083052,5458,0,5458,0
083054,3900,128,4028,1
083055,2556,0,2556,1
083056,3554,58,3612,11
083057,5004,70,5074,9
083058,2000,0,2000,0
083059,1674,0,1674,1
083060,3359,59,3418,29
083061,3387,0,3387,0
083062,5445,6,5451,3
083063,1740,9,1749,1
083064,2829,0,2829,1
083066,8675,1,8676,121
083067,2011,0,2011,2
083068,6433,648,7081,9
083069,3184,0,3184,19
083070,1009,0,1009,0
083071,119,345,464,3
083073,1521,1,1522,11
083074,1474,0,1474,0
083075,3461,0,3461,0
083076,65,0,65,7
083077,6705,0,6705,10
083078,5679,0,5679,25
083079,3404,0,3404,1
083080,1770,0,1770,19
083081,3848,100,3948,27
083082,2015,0,2015,37
083083,1632,0,1632,2
083084,1,0,1,21
083086,4158,142,4300,27
083088,4454,1,4455,13
083089,5411,0,5411,2
083091,3324,2,3326,1
083095,2264,0,2264,18
083096,3178,30,3208,8
083097,6172,0,6172,20
083098,3490,24,3514,81
083099,9884,216,10100,48
083101,3833,3,3836,1
083102,2410,0,2410,2
083103,1334,0,1334,22
083104,2583,2,2585,16
083105,6270,9,6279,11
083106,3499,0,3499,3
083107,3095,1,3096,1
083108,2645,2,2647,33
084001,29338,503,29841,24
084002,4341,0,4341,0
084003,24831,0,24831,2
084005,3334,21,3355,5
084007,4483,0,4483,5
084008,2603,0,2603,21
084011,25543,0,25543,24
084014,8482,300,8782,0
084016,1372,0,1372,0
084017,27893,51,27944,511
084018,7249,16,7265,4
084020,85,6158,6243,0
084021,23294,3,23297,8
084023,16496,0,16496,0
084024,3231,0,3231,0
084025,2828,0,2828,3
084027,25442,70,25512,3
084029,10141,45,10186,63
084030,20430,0,20430,33
084032,6305,0,6305,11
084034,2907,0,2907,1
084035,3780,2,3782,0
084036,7563,0,7563,1
084038,55,0,55,0
084039,2236,10,2246,1
084040,2,0,2,0
084041,21637,0,21637,6
084043,2439,0,2439,31
085001,2207,0,2207,0
085003,4838,0,4838,0
085004,17494,0,17494,38
085005,4374,18,4392,0
085006,5939,1,5940,0
085008,3409,0,3409,2
085009,12687,0,12687,1
085010,4002,83,4085,3
085013,26618,0,26618,2
085015,12770,0,12770,0
085016,15044,0,15044,11
085017,8062,59,8121,0
085018,5551,0,5551,8
085021,4706,281,4987,0
085022,2411,0,2411,45
086003,4967,0,4967,5
086004,7544,0,7544,12
086005,3824,0,3824,0
086006,6695,0,6695,4
086007,3688,0,3688,14
086009,13443,37,13480,32
086012,8533,0,8533,10
086013,16762,0,16762,0
086017,1245,0,1245,73
086018,9008,0,9008,13
086019,8431,4,8435,0
086020,6243,42,6285,14
087002,6833,0,6833,14
087004,28668,0,28668,111
087005,4713,0,4713,1
087006,27385,666,28051,37
087007,13132,0,13132,541
087008,21560,0,21560,71
087009,9701,0,9701,30
087011,20279,0,20279,0
087012,1670,4,1674,0
087013,3737,0,3737,2
087014,5998,0,5998,0
087015,92526,14,92540,442
087016,5846,0,5846,0
087017,14523,0,14523,6
087018,16982,0,16982,1
087019,4794,0,4794,3
087020,2087,0,2087,0
087021,7015,0,7015,60
087022,5770,1,5771,0
087023,8189,0,8189,90
087024,11902,0,11902,95
087025,6724,0,6724,0
087026,1932,0,1932,0
087028,6459,0,6459,1
087029,16932,0,16932,70
087030,6935,326,7261,12
087031,4876,0,4876,112
087032,11190,0,11190,0
087033,27609,0,27609,37
087034,9782,0,9782,24
087035,4361,0,4361,0
087036,3340,0,3340,0
087038,9753,0,9753,8
087040,3376,0,3376,25
087041,8926,0,8926,99
087042,4538,0,4538,1
087043,3988,0,3988,0
087044,2245,0,2245,11
087045,2159,0,2159,0
087047,6857,0,6857,2
087048,8226,0,8226,0
087049,11258,0,11258,1
087050,8858,0,8858,5
087051,5225,0,5225,8
087053,6318,3,6321,0
087054,8673,396,9069,0
087055,8506,0,8506,8
087056,3470,0,3470,0
087057,4360,53,4413,0
087058,4461,0,4461,26
088001,6821,99,6920,0
088002,9802,0,9802,0
088003,23689,0,23689,0
088004,4359,0,4359,0
088005,8311,0,8311,0
088007,6,0,6,0
088009,42803,1,42804,7
088010,12542,6,12548,1
088011,24055,0,24055,3
088012,38331,0,38331,99
089001,10790,0,10790,2
089005,6208,7,6215,0
089006,9797,0,9797,0
089007,1688,0,1688,0
089008,4045,0,4045,0
089009,12259,0,12259,0
089010,11596,0,11596,0
089012,7058,0,7058,0
089013,4,0,4,29
089014,15033,245,15278,0
089015,8193,0,8193,0
089016,14817,0,14817,0
089017,43435,0,43435,8
089018,5262,0,5262,1
089019,8611,1,8612,1
089020,3391,0,3391,208
089021,5487,0,5487,0
090003,18366,0,18366,125
090004,1007,0,1007,0
090005,479,0,479,0
090007,748,0,748,8
090009,2773,0,2773,1
090012,3666,11,3677,0
090016,972,0,972,1
090019,663,0,663,0
090020,802,0,802,0
090021,2848,0,2848,21
090022,408,3,411,0
090023,3643,8,3651,0
090024,483,8,491,0
090027,1246,0,1246,0
090029,1600,0,1600,3
090033,6601,0,6601,29
090035,5495,1,5496,1
090036,1936,45,1981,0
090039,678,0,678,0
090040,380,0,380,0
090041,2351,2,2353,0
090043,453,0,453,0
090046,2014,0,2014,0
090047,47206,0,47206,5
090048,3115,0,3115,4
090050,4772,0,4772,0
090051,4379,0,4379,0
090054,4332,0,4332,5
090056,1042,0,1042,20
090057,3026,0,3026,0
090058,7630,1,7631,7
090060,635,0,635,0
090061,806,0,806,1
090062,3905,0,3905,1
090063,3371,0,3371,1
090064,43115,2,43117,85
090066,444,0,444,0
090067,4123,1,4124,13
090068,953,0,953,5
090069,193,0,193,4
090070,8354,1,8355,3
090071,2955,0,2955,132
090072,1168,0,1168,0
090073,1201,0,1201,0
090075,1271,0,1271,0
090076,46,0,46,1
090077,3159,0,3159,1
090080,1800,0,1800,2
090081,2536,0,2536,1
090082,2482,0,2482,2
090083,2254,3,2257,0
090084,4029,0,4029,2
090085,1004,13,1017,4
090087,855,0,855,3
090088,628,0,628,0
090089,16632,885,17517,0
090090,3,0,3,0
090091,2751,0,2751,28
090092,2394,0,2394,49
091001,1576,37,1613,0
091002,1422,6,1428,0
091003,1430,0,1430,0
091005,4348,25,4373,1
091006,3810,0,3810,0
091009,3852,0,3852,0
091010,4044,0,4044,0
091011,2868,0,2868,0
091012,1133,0,1133,0
091017,5222,0,5222,0
091018,1375,0,1375,0
091019,34,0,34,6
091024,4486,0,4486,0
091026,1503,0,1503,0
091027,2394,2,2396,0
091028,3451,0,3451,40
091037,5819,2,5821,0
091038,800,0,800,0
091039,1445,8,1453,1
091043,2215,0,2215,0
091044,6365,0,6365,0
091046,2303,0,2303,0
091050,357,0,357,0
091051,17611,0,17611,0
091056,1734,0,1734,0
091058,603,0,603,0
091059,686,0,686,0
091061,3030,0,3030,0
091062,4734,0,4734,0
091063,7883,0,7883,0
091064,2695,0,2695,0
091070,2181,0,2181,0
091071,1739,40,1779,0
091073,4406,0,4406,0
091084,1715,0,1715,0
091086,1963,0,1963,0
091088,908,0,908,0
091089,6027,0,6027,0
091090,765,0,765,2
091091,382,0,382,0
091093,3131,0,3131,0
091101,4428,56,4484,0
091103,1645,0,1645,0
091104,381,0,381,0
092003,11121,0,11121,1
092009,48659,0,48659,5
092011,14475,2,14477,7
092015,4090,0,4090,0
092037,6693,124,6817,1
092050,6025,0,6025,0
092051,36015,0,36015,34
092068,13751,0,13751,5
092075,3382,0,3382,0
092080,10837,1,10838,40
092090,4125,0,4125,7
092105,6399,47,6446,54
092109,9494,2,9496,0
093008,1167,0,1167,0
093015,2,0,2,0
093016,1502,0,1502,0
093018,1897,0,1897,1
093022,2,0,2,0
093029,3452,0,3452,0
093030,1409,0,1409,0
093032,5,0,5,0
093033,12668,0,12668,0
093037,6658,0,6658,0
093039,652,0,652,0
093041,5494,0,5494,0
093044,4619,0,4619,0
093047,6,0,6,0
093053,2300,0,2300,0
094001,287,0,287,0
094002,4615,10,4625,0
094004,1029,0,1029,0
094005,1963,0,1963,0
094006,1056,0,1056,0
094009,538,0,538,0
094010,1464,0,1464,0
094011,298,0,298,0
094012,794,0,794,0
094013,301,0,301,0
094014,1754,0,1754,0
094016,871,10,881,0
094017,720,0,720,0
094018,642,0,642,0
094020,742,0,742,0
094022,2294,0,2294,1
094023,4760,0,4760,5
094025,1442,0,1442,0
094026,1253,0,1253,0
094027,754,0,754,0
094028,3135,1,3136,0
094029,924,0,924,0
094030,2321,0,2321,0
094031,1425,4,1429,0
094032,677,0,677,0
094033,658,0,658,0
094034,616,0,616,0
094035,1355,0,1355,0
094038,2336,0,2336,1
094039,1257,0,1257,0
094040,1599,0,1599,0
094042,986,4,990,0
094045,1405,0,1405,0
094046,753,0,753,0
094047,1009,0,1009,0
094048,967,0,967,4
094049,2489,0,2489,0
094050,2049,0,2049,0
094051,2036,0,2036,0
095003,224,0,224,0
095004,81,0,81,0
095005,376,0,376,0
095006,2676,0,2676,0
095007,2053,3,2056,0
095010,171,0,171,0
095011,727,0,727,0
095016,188,0,188,0
095018,6241,0,6241,0
095021,341,0,341,0
095025,4769,0,4769,0
095026,1096,7,1103,0
095028,544,0,544,0
095030,770,46,816,2
095031,2524,0,2524,0
095032,1043,0,1043,0
095037,1448,0,1448,0
095038,18464,0,18464,0
095039,1,0,1,0
095042,248,0,248,0
095044,984,0,984,0
095045,3067,0,3067,0
095046,2626,0,2626,0
095049,8,0,8,4
095050,5435,0,5435,1
095051,2222,0,2222,0
095052,2843,0,2843,0
095057,5,0,5,0
095058,531,0,531,4
095059,1912,0,1912,0
095060,683,0,683,1
095061,236,0,236,0
095064,310,0,310,3
095065,10799,0,10799,0
095069,3180,0,3180,1
095070,769,0,769,47
095073,393,0,393,0
095074,1305,6,1311,0
095076,392,0,392,0
095077,428,0,428,0
095078,249,0,249,0
095080,814,11,825,3
095082,2171,0,2171,0
095083,716,0,716,0
095085,924,0,924,0
095086,320,3,323,0
095088,300,0,300,5
096002,1464,0,1464,11
096003,85,0,85,0
096004,15284,29,15313,1
096005,646,2,648,0
096006,434,0,434,0
096007,2,0,2,0
096009,444,0,444,0
096010,367,0,367,0
096016,1608,0,1608,0
096018,1187,0,1187,1
096019,2224,0,2224,0
096020,5276,0,5276,0
096023,908,0,908,0
096024,840,0,840,0
096026,1376,0,1376,3
096027,64,0,64,0
096028,1185,0,1185,0
096030,16,0,16,0
096032,1327,0,1327,0
096033,535,0,535,0
096035,1981,0,1981,0
096037,715,0,715,0
096038,414,0,414,0
096039,910,0,910,0
096042,94,0,94,2
096043,286,0,286,0
096044,1018,0,1018,0
096046,1078,0,1078,0
096047,1840,0,1840,0
096048,919,0,919,0
096053,747,0,747,0
096054,20,0,20,5
096057,711,0,711,0
096059,3,0,3,0
096063,1,0,1,0
096066,892,0,892,0
096068,2,0,2,0
096071,885,0,885,0
096072,177,0,177,0
096074,629,0,629,1
096076,411,0,411,0
096077,2818,1,2819,0
096078,5,0,5,0
096080,1,0,1,0
096083,553,0,553,0
096087,909,1,910,0
096088,5,0,5,0
097004,1223,0,1223,0
097006,1488,0,1488,0
097007,1284,0,1284,0
097008,1929,0,1929,6
097009,746,0,746,0
097011,644,0,644,0
097013,1,0,1,0
097014,1332,0,1332,0
097015,1839,6,1845,0
097017,1607,1,1608,0
097020,737,0,737,0
097024,1166,0,1166,0
097025,689,0,689,0
097030,1123,0,1123,0
097031,11,0,11,0
097032,365,0,365,0
097033,146,0,146,0
097034,387,0,387,0
097035,591,0,591,0
097036,2025,0,2025,0
097037,1019,0,1019,0
097038,10,0,10,0
097040,831,2,833,0
097042,9491,0,9491,0
097044,1515,0,1515,0
097045,723,0,723,0
097046,2751,6,2757,0
097047,791,0,791,0
097048,4071,0,4071,0
097050,621,0,621,0
097051,994,0,994,0
097052,628,0,628,0
097053,914,0,914,0
097054,1079,0,1079,0
097056,1792,0,1792,0
097057,2658,0,2658,0
097058,2367,0,2367,0
097061,1519,0,1519,0
097062,1046,0,1046,0
097063,292,0,292,0
097067,735,0,735,0
097068,448,0,448,0
097070,1108,0,1108,1
097075,467,0,467,0
097076,813,0,813,0
097078,510,0,510,0
097079,341,0,341,0
097083,2140,0,2140,0
097084,509,2,511,0
097086,872,0,872,0
097090,535,0,535,0
097091,1306,0,1306,0
097092,1559,0,1559,0
098001,185,0,185,0
098002,698,0,698,0
098003,486,0,486,0
098004,1848,0,1848,0
098006,981,0,981,0
098008,17,0,17,0
098009,820,0,820,0
098010,5641,0,5641,0
098011,1027,0,1027,0
098012,141,0,141,0
098013,1060,0,1060,0
098014,2954,0,2954,0
098015,910,0,910,0
098017,751,0,751,0
098018,1728,0,1728,0
098019,5756,0,5756,0
098020,528,0,528,0
098022,724,0,724,0
098023,125,0,125,0
098024,450,0,450,0
098025,586,0,586,0
098026,1186,0,1186,0
098027,346,0,346,0
098028,981,0,981,0
098029,1391,0,1391,1
098030,1464,0,1464,0
098032,2344,0,2344,0
098033,55,0,55,0
098035,2473,0,2473,0
098037,1184,0,1184,0
098040,642,0,642,0
098041,2408,0,2408,0
098045,832,0,832,0
098046,762,0,762,0
098047,1437,0,1437,0
098048,1157,0,1157,0
098049,9284,0,9284,0
098050,4240,0,4240,0
098051,879,0,879,0
098053,1327,0,1327,0
098054,1706,0,1706,0
098055,594,0,594,0
098056,13,0,13,0
098059,504,0,504,0
098061,1613,0,1613,0
098062,809,0,809,0
099001,9403,0,9403,0
099002,12244,0,12244,38
099003,4199,0,4199,75
099004,1345,1,1346,0
099005,9976,0,9976,0
099006,855,28,883,2
099008,1280,2,1282,0
099009,617,0,617,15
099011,3328,0,3328,8
099013,12657,0,12657,0
099014,48446,0,48446,2
099015,1863,3,1866,5
099016,2034,7,2041,0
099017,5532,0,5532,6
099018,12449,6,12455,1
099020,5482,4,5486,19
099021,700,0,700,0
099022,698,1,699,0
099024,2646,3,2649,0
099025,1754,19,1773,1
099026,1270,0,1270,1
099027,791,0,791,0
099028,2285,5,2290,1
099029,4150,82,4232,0
099030,1216,0,1216,45
099031,1038,0,1038,1
100001,3486,0,3486,0
100002,8038,0,8038,0
100003,9997,0,9997,0
100004,6379,0,6379,0
100005,81,0,81,0
100006,5159,0,5159,0
100007,124,0,124,0
101001,3061,0,3061,10
101002,2515,0,2515,8
101003,1857,0,1857,0
101005,1,0,1,0
101006,1212,0,1212,0
101007,2826,30,2856,0
101008,1848,0,1848,20
101009,6613,0,6613,7
101010,16577,179,16756,33
101011,4068,0,4068,29
101012,11351,33,11384,15
101013,7822,0,7822,61
101014,2772,59,2831,0
101016,2237,0,2237,0
101017,9820,17,9837,0
101019,3503,0,3503,6
101020,4566,0,4566,1
101021,1573,0,1573,0
101022,2405,0,2405,3
101025,6025,3,6028,9
101026,1406,0,1406,1
101027,3377,0,3377,0
102002,1694,0,1694,6
102004,947,0,947,2
102006,1965,3,1968,0
102007,1160,4,1164,19
102008,2606,7,2613,1
102009,1932,5,1937,0
102010,4135,0,4135,2
102011,6443,0,6443,13
102013,1070,0,1070,0
102014,1187,0,1187,1
102015,2108,0,2108,0
102016,1684,110,1794,1
102017,899,49,948,0
102018,243,0,243,2
102019,1673,2,1675,34
102021,7688,0,7688,38
102022,659,97,756,19
102023,2378,0,2378,1
102024,1641,19,1660,0
102025,858,40,898,3
102027,1301,11,1312,1
102028,2392,0,2392,7
102029,1308,0,1308,13
102030,584,0,584,22
102031,5875,82,5957,1
102032,3868,0,3868,10
102034,898,1,899,13
102035,2008,0,2008,11
102036,2750,21,2771,2
102038,2167,57,2224,0
102039,1621,0,1621,77
102040,3064,0,3064,11
102041,1179,9,1188,0
102042,1346,3,1349,17
102043,2392,2,2394,21
102044,476,0,476,6
102047,10802,0,10802,20
102049,2677,3,2680,1
102050,1281,0,1281,1
103002,697,0,697,1
103003,1508,0,1508,1
103005,482,0,482,0
103006,1605,0,1605,0
103007,864,0,864,1
103008,1830,0,1830,29
103010,486,72,558,0
103012,713,0,713,1
103014,740,0,740,0
103015,815,0,815,2
103016,975,0,975,0
103017,1799,0,1799,1
103018,255,0,255,0
103019,2099,21,2120,9
103024,1217,0,1217,1
103028,5557,0,5557,19
103029,1034,0,1034,7
103031,551,0,551,0
103032,226,0,226,0
103033,1997,1,1998,3
103034,1133,5,1138,6
103035,3106,0,3106,32
103036,791,0,791,0
103037,279,0,279,0
103038,229,0,229,0
103039,3,0,3,0
103044,1686,34,1720,3
103045,439,0,439,0
103046,1314,34,1348,0
103049,1401,0,1401,2
103050,8007,0,8007,33
103054,1,0,1,20
103055,699,0,699,1
103056,808,0,808,0
103057,1065,0,1065,0
103058,580,0,580,11
103059,499,0,499,0
103061,1483,0,1483,3
103062,35,0,35,1
103066,1226,0,1226,0
103068,936,0,936,0
103069,1037,0,1037,7
103072,9301,147,9448,8
103075,2328,0,2328,4
103077,868,0,868,1
103079,1587,0,1587,0
108002,433,0,433,0
108003,1472,0,1472,0
108005,2284,0,2284,0
108006,2378,0,2378,0
108007,2441,0,2441,0
108008,3511,0,3511,1
108009,2822,0,2822,0
108012,7714,2,7716,1
108013,1150,2,1152,0
108016,1449,0,1449,0
108017,1201,0,1201,0
108018,1642,0,1642,0
108019,8509,0,8509,0
108020,2003,0,2003,0
108021,2950,0,2950,0
108023,10229,0,10229,0
108024,10191,40,10231,1
108025,2969,0,2969,0
108027,8484,0,8484,0
108028,13772,0,13772,0
108029,1897,0,1897,0
108031,990,0,990,0
108033,11559,0,11559,3
108036,1142,0,1142,0
108041,2981,0,2981,0
108042,992,0,992,0
108043,2569,0,2569,0
108045,6,0,6,0
108046,1082,1,1083,0
108047,1398,0,1398,0
108048,2715,0,2715,5
108050,6860,0,6860,2
108052,1074,0,1074,0
108053,2897,0,2897,0
109001,1958,0,1958,0
109002,3218,0,3218,0
109003,336,0,336,0
109004,1403,0,1403,0
109005,2596,0,2596,0
109006,16500,0,16500,5
109008,2584,0,2584,0
109009,949,0,949,0
109011,796,0,796,0
109012,554,0,554,0
109013,935,8,943,0
109014,766,0,766,0
109015,2056,0,2056,0
109017,2245,0,2245,0
109019,277,0,277,0
109021,394,0,394,11
109022,1994,3,1997,6
109024,3205,0,3205,0
109026,632,0,632,8
109027,1301,0,1301,0
109028,330,11,341,0
109029,766,11,777,0
109030,1683,0,1683,0
109033,121,0,121,5
109034,15705,0,15705,0
109035,2500,0,2500,0
109038,1685,0,1685,0
109039,675,0,675,0
109040,1,0,1,0
110001,47778,0,47778,0
110002,21561,0,21561,0
110003,17554,0,17554,0
110004,18247,0,18247,0
110005,5215,0,5215,0
110007,9717,1,9718,0
110008,3586,0,3586,0
111001,5614,0,5614,0
111004,686,0,686,0
111005,9,0,9,0
111007,2694,0,2694,0
111011,1518,0,1518,0
111012,1045,0,1045,0
111014,7396,0,7396,0
111015,2950,0,2950,5
111016,4666,0,4666,0
111018,2161,0,2161,0
111020,1459,0,1459,0
111021,2947,0,2947,0
111027,1192,0,1192,0
111028,1450,1,1451,5
111029,136,0,136,0
111030,4066,18,4084,0
111034,6884,0,6884,0
111035,12166,17,12183,1
111036,2118,0,2118,0
111037,1,0,1,0
111038,1774,0,1774,0
111039,2355,0,2355,0
111042,3482,14,3496,0
111044,1146,0,1146,0
111045,974,1,975,0
111046,1121,0,1121,1
111048,2,0,2,0
111051,789,0,789,0
111052,2148,0,2148,0
111053,561,0,561,0
111056,658,0,658,3
111057,4793,0,4793,0
111061,1070,1,1071,0
111062,6762,0,6762,0
111063,3661,17,3678,2
111064,998,0,998,0
111065,6548,3,6551,0
111066,3938,0,3938,0
111067,4484,0,4484,0
111068,3419,2,3421,0
111069,595,0,595,0
111070,3071,0,3071,0
111071,10488,0,10488,1
111073,970,0,970,0
111074,1282,0,1282,0
111077,5999,0,5999,0
111078,4951,0,4951,0
111079,762,0,762,0
111081,3755,0,3755,0
111082,1079,0,1079,0
111083,767,0,767,0
111086,30,0,30,0
111091,1152,0,1152,0
111092,489,0,489,0
111095,1881,0,1881,0
111098,3131,0,3131,0
111100,770,0,770,0
111102,756,0,756,0
111103,3510,0,3510,15
111105,6075,0,6075,0
111107,1415,0,1415,0
